:020000040800F2
:1000000000060020E1020008E3020008E302000805
:10001000E3020008E3020008E3020008E30200082C
:10002000E3020008E3020008E3020008E9760008A2
:10003000E3020008E3020008E3020008E30200080C
:10004000E3020008E3020008E3020008E3020008FC
:10005000E3020008E3020008F9850008258600088D
:10006000518600087D860008A9860008054600081C
:100070002D4600085946000885460008B14600088C
:10008000D946000805470008E3020008E30200081B
:10009000E3020008E3020008E3020008D586000836
:1000A000E3020008E3020008E3020008E30200089C
:1000B000FD870008E3020008E3020008E3020008ED
:1000C000E3020008E3020008E3020008E30200087C
:1000D000E3020008E3020008C1870008D587000892
:1000E00039870008E3020008E3020008E302000881
:1000F000E3020008E3020008E302000831470008B9
:10010000E3020008E3020008E3020008E30200083B
:10011000E3020008E3020008E3020008E30200082B
:100120005D47000885470008B1470008DD47000823
:1001300009480008E3020008E3020008E30200089F
:10014000E3020008E3020008E3020008E3020008FB
:10015000314800085D48000889480008E3020008AB
:10016000E3020008E3020008E3020008E3020008DB
:10017000E3020008D5820008E3020008E302000859
:10018000E3020008E3020008E9870008E302000830
:10019000E3020008E3020008E3020008E3020008AB
:1001A000E3020008E3020008E3020008E30200089B
:1001B000E3020008E3020008E3020008E30200088B
:1001C000E3020008E3020008E3020008E30200087B
:1001D000E3020008C1820008E3020008E30200080D
:1001E000E3020008E3020008E3020008E30200085B
:1001F000E3020008E3020008E3020008E30200084B
:10020000E3020008E3020008E3020008E30200083A
:10021000E3020008E3020008E3020008E30200082A
:10022000E3020008E3020008E3020008E30200081A
:10023000AD870008E3020008E3020008E3020008BB
:10024000E3020008E3020008E3020008E3020008FA
:10025000E3020008E3020008E3020008E3020008EA
:10026000E3020008E3020008E3020008E3020008DA
:10027000E3020008E3020008E3020008E3020008CA
:10028000E3020008E3020008E3020008E3020008BA
:10029000E3020008E3020008E3020008E3020008AA
:1002A000E3020008E3020008E3020008E30200089A
:1002B000E3020008E3020008E3020008E30200088A
:1002C000E3020008E3020008E3020008E30200087A
:1002D000E3020008E3020008E3020008E30200086A
:1002E00002E000F000F8FEE772B6374880F30888B5
:1002F000364880F3098836483649086040F20000E5
:10030000CCF200004EF63471CEF200010860BFF36B
:100310004F8FBFF36F8F40F20000C0F2F0004EF637
:100320008851CEF200010860BFF34F8FBFF36F8F8B
:100330004FF00000E1EE100A4EF63C71CEF20001E3
:100340000860062080F31488BFF36F8F07F02EFA41
:1003500006F0A8FB4FF055301F491B4A91423CBFA5
:1003600041F8040BFAE71D49184A91423CBF41F895
:10037000040BFAE71A491B4A1B4B9A423EBF51F83D
:10038000040B42F8040BF8E700201849184A914280
:100390003CBF41F8040BFAE707F046FA06F006FC0A
:1003A000144C154DAC4203DA54F8041B8847F9E7A6
:1003B00000F0C4F9114C124DAC4203DA54F8041B9E
:1003C0008847F9E707F02EBA000600200022002037
:1003D0000000000808ED00E00000002000060020FA
:1003E000509D000800220020D8220020D8220020A2
:1003F0009C670020E0020008E0020008E00200081C
:10040000E00200082DE9F04F2DED108AC1F80CD064
:10041000D0F80CD0BDEC108ABDE8F08F002383F338
:1004200011882846A047002006F01EF9FEE706F0D6
:1004300077F800DFFEE7000053B94AB9002908BF8A
:1004400000281CBF4FF0FF314FF0FF3000F074B9AF
:10045000ADF1080C6DE904CE00F006F8DDF804E01B
:10046000DDE9022304B070472DE9F047089D0446FA
:100470008E46002B4DD18A42944669D9B2FA82F257
:1004800052B101FA02F3C2F1200120FA01F10CFA93
:1004900002FC41EA030E94404FEA1C48210CBEFBCB
:1004A000F8F61FFA8CF708FB16E341EA034306FB54
:1004B00007F199420AD91CEB030306F1FF3080F0E3
:1004C0001F81994240F21C81023E63445B1AA4B230
:1004D000B3FBF8F008FB103344EA034400FB07F7D2
:1004E000A7420AD91CEB040400F1FF3380F00A8113
:1004F000A74240F207816444023840EA0640E41B08
:1005000000261DB1D4400023C5E900433146BDE8B3
:10051000F0878B4209D9002D00F0EF800026C5E955
:10052000000130463146BDE8F087B3FA83F6002E6D
:100530004AD18B4202D3824200F2F980841A61EBE5
:10054000030301209E46002DE0D0C5E9004EDDE703
:1005500002B9FFDEB2FA82F2002A40F09280A1EBEB
:100560000C014FEA1C471FFA8CFE0126200CB1FB40
:10057000F7F307FB131140EA01410EFB03F0884239
:1005800008D91CEB010103F1FF3802D2884200F2C6
:10059000CB804346091AA4B2B1FBF7F007FB101158
:1005A00044EA01440EFB00FEA64508D91CEB0404F6
:1005B00000F1FF3102D2A64500F2BB800846A4EB51
:1005C0000E0440EA03409CE7C6F12007B34022FA3C
:1005D00007FC4CEA030C20FA07F401FA06F31C436B
:1005E000F9404FEA1C4900FA06F3B1FBF9F8200C78
:1005F0001FFA8CFE09FB181140EA014108FB0EF0BE
:10060000884202FA06F20BD91CEB010108F1FF3A0D
:1006100080F08880884240F28580A8F10208614419
:10062000091AA4B2B1FBF9F009FB101144EA014127
:1006300000FB0EFE8E4508D91CEB010100F1FF34D2
:100640006CD28E456AD90238614440EA0840A0FB6A
:100650000294A1EB0E01A142C846A64656D353D040
:100660005DB1B3EB080261EB0E0101FA07F722FA64
:1006700006F3F1401F43C5E9007100263146BDE88D
:10068000F087C2F12003D8400CFA02FC21FA03F3F0
:10069000914001434FEA1C471FFA8CFEB3FBF7F071
:1006A00007FB10360B0C43EA064300FB0EF69E4296
:1006B00004FA02F408D91CEB030300F1FF382FD22F
:1006C0009E422DD9023863449B1B89B2B3FBF7F6D7
:1006D00007FB163341EA034106FB0EF38B4208D9B0
:1006E0001CEB010106F1FF3816D28B4214D9023EF1
:1006F0006144C91A46EA004638E72E46284605E70F
:100700000646E3E61846F8E64B45A9D2B9EB0208DF
:1007100064EB0C0E0138A3E74646EAE7204694E76F
:100720004046D1E7D0467BE7023B614432E73046A2
:1007300009E76444023842E7704700BF38B501F06A
:10074000FFF901F0C1FB06F0C1FE054606F0C2FF4D
:100750000446D0B90F4B9D4219D001339D4241F25E
:10076000883504BF01240025002006F0B9FE0CB135
:1007700000F078F801F048FB00F026FD08B100F029
:1007800071F8284600F01CF9F9E70025ECE705466A
:10079000EAE700BF010007B008B501F09DF9A0F13C
:1007A00020035842584108BD07B541F21203022107
:1007B00001A8ADF8043001F0ADF903B05DF804FB19
:1007C00038B5302383F31188174803680BB106F05E
:1007D0002FF80023154A4FF47A71134806F01EF8DB
:1007E000002383F31188124C236813B12368013B63
:1007F0002360636813B16368013B63600D4D2B7820
:1008000033B963687BB9022001F060FA3223636078
:100810002B78032B07D163682BB9022001F056FA1D
:100820004FF47A73636038BDD8220020C1070008F6
:10083000F8230020F0220020084B187003280CD861
:10084000DFE800F008050208022001F031BA0220BA
:1008500001F01EBA024B00225A607047F0220020BD
:10086000F8230020F8B5504B504A1C461968013156
:1008700000F0998004339342F8D162684C4B9A425D
:1008800040F291804B4B9B6803F1006303F500330A
:100890009A4280F08880002001F06CF90220FFF776
:1008A000CBFF454B0021D3F8E820C3F8E810D3F87C
:1008B0001021C3F81011D3F81021D3F8EC20C3F89D
:1008C000EC10D3F81421C3F81411D3F81421D3F881
:1008D000F020C3F8F010D3F81821C3F81811D3F89A
:1008E0001821D3F8802042F00062C3F88020D3F8AA
:1008F000802022F00062C3F88020D3F88020D3F853
:10090000802042F00072C3F88020D3F8802022F0CB
:100910000072C3F88020D3F8803072B64FF0E02325
:10092000C3F8084DD4E90004BFF34F8FBFF36F8FB6
:10093000224AC2F88410BFF34F8F536923F48033E7
:100940005361BFF34F8FD2F8803043F6E076C3F3A4
:10095000C905C3F34E335B0103EA060C29464CEA92
:1009600081770139C2F87472F9D2203B13F1200F5C
:10097000F2D1BFF34F8FBFF36F8FBFF34F8FBFF332
:100980006F8F536923F4003353610023C2F8503250
:10099000BFF34F8FBFF36F8F302383F311888546EA
:1009A00080F308882047F8BD0000020820000208F4
:1009B000FFFF0108002200200044025800ED00E083
:1009C0002DE9F04F93B0B44B2022FF2100900AA8EC
:1009D0009D6801F0C3F9B14A1378A3B90121B04869
:1009E00011700360302383F3118803680BB105F0A5
:1009F0001FFF0023AB4A4FF47A71A94805F00EFFA0
:100A0000002383F31188009B13B1A74B009A1A604F
:100A1000A64A1378032B03D000231370A24A536015
:100A20004FF0000A009CD3465646D146012001F003
:100A30003FF924B19C4B1B68002B00F0268200205C
:100A400001F04AF80390039B002BF2DB012001F038
:100A50001FF9039B213B1F2BE8D801A252F823F07A
:100A6000E10A0008090B00089D0B00082D0A000888
:100A70002D0A00082D0A00082F0C0008FF0D0008A1
:100A8000190D00087B0D0008A30D0008C90D000812
:100A90002D0A0008DB0D00082D0A00084D0E000885
:100AA000810B00082D0A0008910E0008ED0A0008CD
:100AB000810B00082D0A00087B0D00082D0A000894
:100AC0002D0A00082D0A00082D0A00082D0A00082A
:100AD0002D0A00082D0A00082D0A00089D0B0008A9
:100AE0000220FFF759FE002840F0F981009B022107
:100AF00005A8BAF1000F08BF1C4641F21233ADF849
:100B0000143001F007F891E74FF47A7000F0E4FF39
:100B1000071EEBDB0220FFF73FFE0028E6D0013F77
:100B2000052F00F2DE81DFE807F0030A0D1013360F
:100B30000523042105A8059300F0ECFF17E004212C
:100B40005548F9E704215A48F6E704215948F3E7E4
:100B50004FF01C08404608F1040801F00DF804218C
:100B6000059005A800F0D6FFB8F12C0FF2D10120B6
:100B70004FF0000900FA07F747EA0B0B5FFA8BFB0F
:100B800001F038F926B10BF00B030B2B08BF002442
:100B9000FFF70AFE4AE704214748CDE7002EA5D01B
:100BA0000BF00B030B2BA1D10220FFF7F5FD07463D
:100BB00000289BD00120002600F0DCFF0220FFF778
:100BC0003BFE1FFA86F8404600F0E4FF0446B0B151
:100BD000039940460136A1F140025142514100F0D3
:100BE000E9FF0028EDD1BA46044641F21213022172
:100BF00005A83E46ADF8143000F08CFF16E72546F8
:100C00000120FFF719FE244B9B68AB4207D9284609
:100C100000F0B2FF013040F067810435F3E70025B2
:100C2000224BBA463E461D701F4B5D60A8E7002E62
:100C30003FF45CAF0BF00B030B2B7FF457AF02209C
:100C4000FFF7FAFD322000F047FFB0F10008FFF691
:100C50004DAF18F003077FF449AF0F4A08EB0503C7
:100C6000926893423FF642AFB8F5807F3FF73EAFC0
:100C7000124BB845019323DD4FF47A7000F02CFF3E
:100C80000390039A002AFFF631AF039A0137019BC4
:100C900003F8012BEDE700BF00220020F423002021
:100CA000D8220020C1070008F8230020F0220020ED
:100CB00004220020082200200C220020F422002020
:100CC000C820FFF769FD074600283FF40FAF1F2D2E
:100CD00011D8C5F120020AAB25F003008449424532
:100CE000184428BF4246019201F012F8019AFF21F0
:100CF0007F4801F033F84FEAA803C8F387027C4924
:100D00002846019301F032F8064600283FF46DAF03
:100D1000019B05EB830533E70220FFF73DFD00282B
:100D20003FF4E4AE00F064FF00283FF4DFAE00279C
:100D3000B846704B9B68BB4218D91F2F11D80A9B2D
:100D400001330ED027F0030312AA134453F8203CBA
:100D500005934046042205A9043701F00BF98046AB
:100D6000E7E7384600F008FF0590F2E7CDF8148079
:100D7000042105A800F0CEFE02E70023642104A8A8
:100D8000049300F0BDFE00287FF4B0AE0220FFF710
:100D900003FD00283FF4AAAE049800F01FFF059061
:100DA000E6E70023642104A8049300F0A9FE0028CC
:100DB0007FF49CAE0220FFF7EFFC00283FF496AED4
:100DC000049800F00DFFEAE70220FFF7E5FC002899
:100DD0003FF48CAE00F01CFFE1E70220FFF7DCFCE3
:100DE00000283FF483AE05A9142000F017FF074642
:100DF0000421049004A800F08DFE3946B9E73220A2
:100E000000F06AFE071EFFF671AEBB077FF46EAE00
:100E1000384A07EB0903926893423FF667AE022017
:100E2000FFF7BAFC00283FF461AE27F003074F44F8
:100E3000B9453FF4A5AE484609F1040900F09CFE0F
:100E40000421059005A800F065FEF1E74FF47A70E3
:100E5000FFF7A2FC00283FF449AE00F0C9FE0028CD
:100E600044D00A9B01330BD008220AA9002000F0CD
:100E70007DFF00283AD02022FF210AA800F06EFF53
:100E8000FFF792FC1C4805F0F5FB13B0BDE8F08FAE
:100E9000002E3FF42BAE0BF00B030B2B7FF426AE92
:100EA0000023642105A8059300F02AFE07460028C8
:100EB0007FF41CAE0220FFF76FFC804600283FF451
:100EC00015AEFFF771FC41F2883005F0D3FB0598B1
:100ED00000F0D8FF46463C4600F08CFFA6E50646EB
:100EE0004EE64FF0000901E6BA467EE637467CE65C
:100EF000F422002000220020A0860100704700009C
:100F000070470000704700002DE9F04100F5803780
:100F1000044616463B7C5BB9C0681030204400F0A4
:100F2000F7FEE5683544B5F5004FE56002D816B127
:100F3000BDE8F081DEB905F07F0605F11000002163
:100F4000C6F180062044F6B232462E4400F006FF79
:100F5000A06804F11008324600F10060414600F537
:100F6000003006F05FF830B901233B74E0E74FF43E
:100F700000463546ECE7A26805F1100140463244D0
:100F80002144A260E268521BE26000F0C1FE022030
:100F9000BDE8F04100F09ABE183000F0E9BC000056
:100FA00010B5044608F0F8F8204610BD10B5044608
:100FB00008F0F2F8204610BDC3B280B2A3F141029E
:100FC000052A02D8373800B27047613B052B94BF21
:100FD00057383038F7E70000F8B50446154608469C
:100FE00003220C4900F09EFE014688B908346F1CAC
:100FF00015F91100FFF7E0FF064617F9110001315E
:10100000FFF7DAFF102940EA061004F8010BEFD1D0
:10101000F8BD00BF109300082DE9F04FADF53F7DFE
:101020000746416801222AA802F098FE002840F0F5
:1010300087800646824681461125DFF80C81DFF85D
:101040000CB101AB4FF4805241462AA802F0E6FFF2
:10105000002875D1019AB2F5805F71D8002A65D059
:101060000446019A9442ECD2282D0FD008DC132DAF
:101070002DD01E2D39D0112D13D00134A4B2F0E79C
:10108000322D2DD0372D2FD02D2DF6D13B68121BB0
:1010900008EB040138461B692D259847BDF804402C
:1010A000EBE7121B022A09D9594608EB040000F0AD
:1010B00039FE18B902342825A4B2DEE718F8043046
:1010C0003A2B3DD00A2B1CBFA1461325D5E718F8B3
:1010D00004300A2B34D03A2B04BFA2463225CCE789
:1010E00018F80430202BC8D0264618F804300A2BF4
:1010F0001AD1AAEB090208EB090102A811254F2A0F
:1011000028BF4F2208F0F0F8A21B08EB060116A832
:101110004F2A28BF4F2208F0E7F83B6816AA02A919
:10112000DB6838469847A8E71E25A6E73B6838469F
:1011300004491B69984701200DF53F7DBDE8F08FFC
:101140000020F9E7129400080024002014930008FE
:1011500000F1180110B5044686B00846019100F070
:10116000F1FB2046FFF758FF60B1019902A800F09B
:1011700049FC102204F1080102A808F031F8B0FA85
:1011800080F0400906B010BD70B504460025EEB2EF
:10119000304600F0FFFC58B100213046013500F028
:1011A00009FD08B9002070BD022000F08FFDEEE7B8
:1011B0002046FFF731FF0028F4D004F58034207C6E
:1011C00080F00100EFE70000F0B5C9B006F096F935
:1011D00000F0FEFE18B90025284649B0F0BD69466A
:1011E0002A4802F0DDFF00284BD1294C204603F0AD
:1011F00007F8284803F004F8274803F001F82146CF
:10120000224803F079F80028E5D1702007F0C6FFE6
:10121000064610B1214B44600360336830469B683A
:101220009847054600282ED01A4F1948394603F032
:1012300063F805460028CED1194807F0AFFF0446F1
:1012400038B1184B4760036000F58033C0E90255A0
:101250001D74236820469B689847054628B10E49AF
:101260000C4803F049F80028B5D1336830465B6874
:1012700098471CB1236820465B68984700F090FEB1
:10128000AAE70025FAE70446EFE700BF1893000835
:10129000289300083F9300085593000878930008AE
:1012A00014000100949300082DE9F04FD44A8DB04A
:1012B0000B68D0F804A001931A440368D14E1A4475
:1012C000D1F81C90DFF8B4C3DFF8B4B3D0E902342E
:1012D000634003EA0A03634013444A6802920AEB3C
:1012E0007363029CC84A2244C468224484688AEA20
:1012F00004051D40654015448A68039203EB35558B
:10130000039CC24A2244846822448AEA03042C4093
:1013100084EA0A041444CA6805EBF43404921644BF
:1013200083EA0502224056445A4032440E6905962B
:1013300004EBB222059FB64E3E441E4485EA0403E8
:1013400013406B4033444E69069602EB7363069F6D
:10135000B04E3E442E4484EA02051D4065403544AB
:101360008E69079603EB3555079FAB4E3E442644E6
:1013700082EA03042C4054403444A84E4E4405EB0A
:10138000F434164483EA050222405A4032440E6A7D
:10139000089604EBB222089FA14E3E441E4485EA03
:1013A000040313406B4033444E6A099602EB7363A7
:1013B000099F9C4ED1F830E03E44D1F83880F34488
:1013C0002E4484EA02051D40654035448E6AA6F528
:1013D000244703EB35550A964F3F274482EA03041E
:1013E0002C4054403C44CF6A0B9705EBF4340B9EE1
:1013F0008D4F3744029E174483EA050222405A402B
:101400003A448A4F774404EBB2221F4485EA04032E
:1014100013406B403B444F6BBC4402EB7363654429
:1014200084EA020C0CEA030C8CEA040C6544DFF835
:1014300054C2C44403EB3555A44482EA03042C404F
:1014400054406444D1F83CC0794905EBF43461441C
:10145000114483EA050222405A400A44754904EBCC
:10146000B2223144079E194484EA02032B406340B0
:101470000B44714902EBF36331440B9E0D4482EA45
:1014800003012140514029446C4D03EBF151354497
:10149000019E254483EA010414405C402C44684DBD
:1014A00001EBB4443544069E154481EA04021A4017
:1014B0004A402A44634D04EB323235440A9E1D44AF
:1014C00084EA02030B4063402B445F4D02EBF3635D
:1014D0003544059E0D4482EA0301214051402944D0
:1014E0005A4D03EBF1516544254483EA010414404D
:1014F0005C402C44564D01EBB4443544099E1544E0
:1015000081EA04021A404A402A44524D04EB323226
:101510003544049E1D4484EA02030B4063402B447F
:101520004D4D02EBF36345440D4482EA0301214033
:1015300051402944494D03EBF1513544089E2C4458
:1015400083EA010515405D402C44454D01EBB44450
:101550003544039E2A4481EA04051D404D402A4437
:10156000404D04EB32323D442B4484EA020593445F
:101570000D4065402B443C4D02EBF3633544069E21
:10158000294482EA0305254055402944374D03EBA1
:10159000F1514D442C4483EA010515405D4025443A
:1015A00001EBB54581EA050404EA03024A405A44C6
:1015B000A6F5B82B089E05EB3232ABF2BE6B544059
:1015C0005B4423442A4C344402EB33730B9E0C449B
:1015D00085EA020159402144264C344403EB715101
:1015E000029E254482EA03044C402544224C444494
:1015F00001EB3545144483EA01026A40224443E08A
:1016000078A46AD7EECEBDC156B7C7E8DB702024F8
:10161000AF0F7CF52AC68747134630A8019546FDD3
:10162000D8988069AFF7448BBED75C892211906B44
:101630002108B44962251EF640B340C0515A5E26C7
:10164000AAC7B6E95D102FD65314440281E6A1D88B
:10165000C8FBD3E7E6CDE121D60737C3870DD5F424
:10166000ED145A4505E9E3A9F8A3EFFCD9026F6729
:1016700081F6718722619D6D0C38E5FD937198FDAF
:101680008A4C2A8D8E4379A6934C344405EB722202
:10169000059E1C4481EA0503534023448F4C344487
:1016A00002EB33730A9E0C4485EA0201594021443F
:1016B0008B4C4C4403EB7151254482EA03044C40AB
:1016C0002C44884D354401EB3444019E154483EA93
:1016D000010262402A44844D3D4404EB72221D44C1
:1016E00081EA040353402B44804D354402EB3373AD
:1016F000049E294484EA02055D4029447C4D35441A
:1017000003EB7151079E254482EA03044C402C44AC
:10171000784D354401EB3444099E2A4483EA01059F
:1017200065401544744A324404EB7525039E134406
:1017300081EA04026A401A44704B734405EB32722A
:101740000B4484EA0501514019446D4B634402EB9C
:1017500071511C4485EA02034B401C44694B3344DD
:1017600001EB3444019E1D4482EA010363402B4493
:10177000654D04EB73233544069E154463EA01026C
:1017800062402A44614D03EBB2624D4462EA0409AF
:1017900029445F4D89EA0309454449442C445D4D81
:1017A00002EBB1513544049E61EA03081D4488EA06
:1017B0000208444401EB744464EA02034B402B44A6
:1017C000554D04EBF323754463EA010E15448EEA8C
:1017D000040E0EEB0502514D03EBB262354462EA92
:1017E000040E29440A9D8EEA030EA5F580164C4D81
:1017F0007144A6F6833602EBB151264461EA030434
:1018000054403444029E01EB7444354464EA0206B9
:101810001D444E407319089E424D04EBF32335449A
:1018200063EA01061544664072193F4D03EBB2624C
:10183000654462EA040629443C4D5E403144079EFB
:1018400002EBB151354461EA03062C44384D564051
:101850003D443444059E1D4401EB744464EA020394
:101860004B402B44334D04EBF32335440B9E15447E
:1018700063EA010262402A442F4D03EBB262354411
:10188000039E0D4462EA0401594029442B4D02EBAA
:10189000B15135442A4E254461EA030454402C4496
:1018A000099D01EB74442E4464EA02051E4485EA56
:1018B00001039D1903681A440AEB040303EBF523A3
:1018C0000260436083681C44C36819448460C1603B
:1018D0000DB0BDE8F08F00BF44EABEA4A9CFDE4B37
:1018E000604BBBF670BCBFBEC67E9B28FA27A1EA40
:1018F0008530EFD4051D880439D0D4D9E599DBE6CD
:10190000F87CA21F6556ACC4442229F497FF2A43F1
:10191000A72394AB39A093FCC3595B6592CC0C8F81
:10192000D15D84854F7EA86FE0E62CFE144301A3B1
:10193000A111084E827E53F735F23ABDBBD2D72AA9
:1019400091D386EB094B036003F18833436003F1C5
:101950002943A3F59613A3F68B638360A3F1883321
:10196000C3600023C0E90433704700BF012345670B
:101970002DE9F8431446026905460E46E300C2F31A
:10198000C50800F118079B18036122BF43690133A2
:10199000436112F4FC7F436903EB5473436114D039
:1019A000C8F1400907EB08004C4504D22246BDE8C7
:1019B000F84307F025BC403C4A464E4407F020FC63
:1019C000444439462846FFF76FFCA04606EB04095D
:1019D000B8F13F0FA9EB08010AD94022384607F0B9
:1019E0000FFC39462846A8F14008FFF75DFCEFE7F9
:1019F000A1096FF03F02384602FB014206EB81115C
:101A0000D5E7000070B50B6901F1180506460C46D4
:101A1000C3F3C503EA18501C8022EA54C3F13F0205
:101A2000072A1FD8002100F099F929462046FFF720
:101A30003BFC38220021284600F090F92369294612
:101A40002046236563696365FFF72EFC214610225B
:101A5000304607F0D5FB204658220021BDE87040F3
:101A600000F07CB9C3F137020021E5E72DE9F84F1A
:101A70004FF47A7306460D46002402FB03F7DFF8A5
:101A80005080DFF8509098F900305FFA84FA5A1CC1
:101A900001D0A34210D159F824002A4631460368E8
:101AA000D3F820B03B46D847854205D1074B0120EB
:101AB00083F800A0BDE8F88F0134042CE3D14FF483
:101AC000FA7004F0D7FD0020F4E700BF4434002092
:101AD0001022002014220020002307B50246012115
:101AE0000DF107008DF80730FFF7C0FF20B19DF81A
:101AF000070003B05DF804FB4FF0FF30F9E700008A
:101B00000A46042108B5FFF7B1FF80F00100C0B21A
:101B1000404208BD074B0A4630B41978064B53F8CB
:101B20002140014623682046DD69044BAC4630BCA9
:101B3000604700BF4434002014220020A08601002A
:101B400070B50A4E00240A4D05F010FA308028685E
:101B50003388834208D905F005FA2B680444013321
:101B6000B4F5003F2B60F2D370BD00BF46340020B7
:101B70000034002005F0C8BA00F1006000F5003024
:101B80000068704700F10060920000F5003005F039
:101B900049BA0000054B1A68054B1B889B1A834203
:101BA00002D9104405F0DEB900207047003400204F
:101BB0004634002038B50446074D29B12868204432
:101BC000BDE8384005F0E6B92868204405F0D0F9B2
:101BD0000028F3D038BD00BF00340020002070473B
:101BE00000F1FF5000F58F10D0F80008704700009A
:101BF000064991F8243033B100230822086A81F89D
:101C00002430FFF7BFBF0120704700BF043400201D
:101C1000014B1868704700BF0010005C194B013879
:101C20000322084470B51D68174BC5F30B042D0C37
:101C30001E88A6420BD15C680A46013C82421346CC
:101C40000FD214F9016F4EB102F8016BF6E7013AB9
:101C500003F10803ECD181420B4602D22C2203F897
:101C6000012B0424094A1688AE4204D1984284BF4D
:101C7000967803F8016B013C02F10402F3D1581A83
:101C800070BD00BF0010005C24220020D493000827
:101C9000022804D1054B4FF400129A6170470128C5
:101CA000FCD1024B4FF48012F7E700BF001002583E
:101CB000022803D1044B20229A6170470128FCD1ED
:101CC000014B1022F8E700BF00100258022805D18E
:101CD000064A536983F02003536170470128FCD101
:101CE000024A536983F01003F6E700BF0010025860
:101CF00070B504464FF47A764CB1412C254628BF86
:101D0000412506FB05F0641B04F0B4FCF4E770BD4C
:101D1000002310B5934203D0CC5CC4540133F9E7DF
:101D200010BD0000013810B510F9013F3BB191F929
:101D300000409C4203D11AB10131013AF4E71AB1D3
:101D400091F90020981A10BD1046FCE703460246A0
:101D5000D01A12F9011B0029FAD170470244034638
:101D6000934202D003F8011BFAE770472DE9F843CC
:101D70001F4D14460746884695F8242052BBDFF8CD
:101D800070909CB395F824302BB92022FF2148464F
:101D90002F62FFF7E3FF95F824004146C0F10802E7
:101DA00005EB8000A24228BF2246D6B29200FFF780
:101DB000AFFF95F82430A41B17441E449044E4B2AE
:101DC000F6B2082E85F82460DBD1FFF711FF00285A
:101DD000D7D108E02B6A03EB82038342CFD0FFF711
:101DE00007FF0028CBD10020BDE8F8830120FBE7E6
:101DF00004340020024B1A78024B1A70704700BF5F
:101E00004434002010220020F8B5194C194803F082
:101E100039FF2146174803F061FF24684FF47A70B8
:101E2000154ED4F89020154DD2F80438114F43F0D8
:101E30000203C2F80438FFF75BFF2046104904F0A4
:101E40005BF8D4F890200424D2F8043823F002037D
:101E5000C2F804384FF4E133336055F8040BB8424C
:101E600002D0314603F06CFE013CF6D1F8BD00BF54
:101E7000D09B0008784900202C3400201422002038
:101E8000D89B00080C4B70B50C4D04461E780C4BCB
:101E900055F826209A420DD00A4B002118221846E8
:101EA000FFF75CFF0460014655F82600BDE870406E
:101EB00003F046BE70BD00BF443400201422002051
:101EC000784900202C340020F0B5A1B071B6002371
:101ED0000120002480261A46194602F07DFD4FF4A9
:101EE000D067214A3D25136923BBD2F810310BBBC3
:101EF000036804F1006199600368C3F80CD00368BB
:101F00005E6003681F6001680B6843F001030B60AB
:101F100001680B6823F01E030B6001680B68DB0788
:101F2000FCD4037B8034416805FA03F3B4F5001F49
:101F30000B60D8D102F090FDB4F5001F11D0002441
:101F40000A4E0B4D012005F0DFF83388A34205D976
:101F500028682044013405F01DF8F6E7002005F05C
:101F6000D3F861B621B0F0BD002000524634002005
:101F70000034002030B50A44084D91420DD011F8CC
:101F8000013B5840082340F30004013B2C4013F070
:101F9000FF0384EA5000F6D1EFE730BD2083B8EDAF
:101FA00010B5084C01220849002001F0B3FE237847
:101FB0003BB1064803F03CFD044803F06FFD0023ED
:101FC000237010BD48340020E49300082837002017
:101FD0001D482DE9F041036D2BB901224FF48051CA
:101FE000503005F0C9FA194E33780BB1FFF7D8FF1E
:101FF0000324174F4FF00008134D15492846C7F822
:10200000048003F03DFD284603F076FB48B1013C17
:10201000284603F043FD14F0FF04EED1204634704F
:102020000FE00C4901220C4801F074FE014618B182
:10203000284603F0FDFCEAE7084800F011F801200B
:102040003070BDE8F08100BF283700204834002000
:102050003C220020E49300084C340020E893000860
:102060000FB4002004B07047006870470346006852
:10207000596870470B0A017043700B0C090E83708E
:10208000C1707047110A027003714170110C120E79
:102090008170C2701A0A42711A0C1B0E8271C371D0
:1020A00070470000C36A0239023B8B4283BF4389F9
:1020B000006C01FB0300002070470000C2F30723FF
:1020C0008A76CB760378032B01BF120C0A75120AAD
:1020D0004A75704700F10B010022D30143EA520315
:1020E00010F8012B52FA83F38842DAB2F5D1104688
:1020F0007047000010B541780446002001310246C7
:102100004901022A16BFA35C032203EBC03302F18C
:1021100001021EBF9BB203EB500398B29142F0D86C
:1021200010BD000002684AB1134613F8011B1F29B5
:102130000DD93A29F9D1911C8B4202D04FF0FF30D2
:1021400070471278302AF9D1036000207047014BA4
:10215000187870479836002038B50D46044618B9EF
:10216000092000232B6038BD0368002BF8D01A78B3
:10217000002AF5D08188DA889142F1D1587804F0AC
:1021800015FC10F00100EBD12368EBE738B50D46E4
:1021900040F25231144602F0B9F9FF2807D9012C58
:1021A0000BD9030A022468702B70204638BD30B169
:1021B000002CFAD001242870F7E70024F5E7044644
:1021C000F3E700002DE9F8430026D0F8008005462B
:1021D0000C468E76836B002B4AD098F80030042B87
:1021E0004BD133463546402720E0B7F5187F80F0C5
:1021F000C480F90606F1010608BF0237D05B02373A
:102200002BB900F5205292B2B2F5006F0DD305F153
:102210001A01C5F1FF0240EA03402144FFF7B6FF6F
:10222000002800F0AA80054400200346D8F81020BA
:1022300092F82310B142D8D8002B40F09E80002D98
:1022400000F09B8000232544AB766373D8F8102000
:10225000137903F03701DB0621730BD402F1380048
:10226000FFF704FFC4E9000193896381D3892381C7
:10227000BDE8F88300200146F4E7C36C01335ED16A
:10228000EA6B00232E26551E184615F8011F013053
:1022900020290CD0052908BFE521092804D10B2BE2
:1022A0009EBFE71801337E73E718013379730B285B
:1022B000EBD1E11800204873A17E00294BD1002BFF
:1022C00040D06FF00C0604F10D000825361B3318C2
:1022D00010F8011B002938D02E298BB24AD0A3F167
:1022E0004101192903D8117B0D4200D0203303731B
:1022F000EDE7B9F1000F05D100F520539BB2B3F51E
:10230000006F0BD307F11A01C7F1FF0240EA094041
:102310002144FFF73BFF48B10744002002368146C5
:10232000D8F80C30985B0028E3D13846B9F1000F9B
:102330004FF0000218BF002023189A76A0E7B1469C
:102340003746EDE73F23A376012323440021997606
:10235000137B03B96373D37A02F11C0003F03F03CC
:1023600023730023FFF780FE20606360D38A6381BC
:10237000138B7CE710250B46B9E73F230125A37695
:1023800060E7000038B50546002435F8020B08B9AF
:10239000204638BD02F0EEF86308C2B203EBC43346
:1023A00012FA83F39AB2C0F3072303EB520303EB51
:1023B000C2339CB2E9E7000037B5C37804461BB9C5
:1023C0000025284603B030BD00F14C01826C01238A
:1023D0004078019104F010FB054680B9A36BE070D2
:1023E000A06C226BC31A9342EAD2A3780199022B04
:1023F000E6D102440123607804F0FEFAE1E701250A
:10240000DFE7000038B5836C05460C468B4210D0E0
:10241000FFF7D2FF60B92246012305F14C0168782D
:1024200004F0C6FA00281CBF4FF0FF340120AC6452
:1024300038BD0020FCE7000038B500230446C37017
:102440004FF0FF338364FFF7DDFF00284BD1B4F872
:102450004A524AF655239D4207D10B22254904F1E1
:102460004C0006F0BDFE00283FD094F84C30EB2B1A
:1024700003D01833DBB2012B2ED84AF655239D42E8
:1024800006D108221C4904F19E0006F0A9FE48B3BB
:10249000B4F85730B3F5007F1ED194F85930DBB152
:1024A0005A1E1A4218D1B4F85A30ABB194F85C30C5
:1024B000013B012B10D8B4F85D306BB1B4F85F303C
:1024C0007F2B06D804F16C00FFF7CEFDB0F5803FFE
:1024D00002D3B4F8623053B94AF6552085420CBF96
:1024E0000220032038BD0420FCE70120FAE7002089
:1024F000F8E700BF149400082094000802392DE981
:10250000F04701F007044FF0010A466C05460AFA4D
:1025100004F41746984606EB1136C1F3C809E4B235
:10252000314628460136FFF76DFF18B10120BDE89E
:10253000F087994605EB090292F84C30234214BF0C
:1025400001210021414513D06340013F82F84C3006
:1025500085F803A0EBD0640014F0FF04EAD109F180
:10256000010301244FF00009B3F5007FE1D1D7E763
:102570000220DCE701290246F8B50C4640F28C80C7
:102580000668F36A8B4240F287803378013B032B65
:1025900000F28280DFE803F00229384B04EB540597
:1025A000B16B304601EB5521FFF72CFF10B14FF016
:1025B000FF30F8BD6F1CC5F30805B16B30463544DC
:1025C00001EB572195F84C50FFF71CFF0028EED186
:1025D000C7F30807E3073E4496F84C0045EA00209D
:1025E0004CBF0009C0F30B00E3E7B16B304601EBD1
:1025F0001421FFF707FF0028D9D1640004F4FF7409
:102600002644B6F84C00D4E7B16B304601EBD41148
:10261000FFF7F8FE0028CAD1A40006F14C0004F42C
:10262000FE742044FFF720FD20F07040C1E7D0E9A0
:102630000430D57953EA000101D0916801B95DBB3E
:102640009168022DA4EB01010DD1013B728940F18B
:10265000FF305B0A43EAC053B3FBF2F399421BD845
:102660001CD0601CA5E7032D02D193698B42F8D8DA
:10267000D3699BB9B16B304601EBD411FFF7C2FEB1
:10268000002894D1A0004C3600F4FE703044FFF7CF
:10269000EBFC20F000408CE701208AE76FF000405F
:1026A00087E70000F8B5066804460D463378042B2A
:1026B0000CBF4FF080524FF400128A4201D8022022
:1026C000F8BDCA06FBD182680163D2B9022B13D8C8
:1026D0003389B3EB551FF2D9F36BA363A36B62632A
:1026E000002BECD003EB55234C36C5F30805002036
:1026F000A3633544E563E3E7F36BC271002BE7D0D6
:102700001A4677897F02BD42114604D23046FFF750
:10271000C9FCA063E2E72046FFF72CFF431C0246FA
:1027200006D00128CBD9F36A8342C8D9ED1BEAE76A
:102730000120C5E701292DE9F04706460C4617465A
:1027400008D9C36A8B4205D90378022B62D003D81B
:10275000012B22D0022552E0033B012BFAD8816BDA
:1027600001EBD411FFF74EFE0546002847D1A40027
:1027700006F14C0304F4FE741C443378042B07D098
:10278000204627F07047FFF76FFC00F070400743CA
:1027900039462046FFF76EFC2FE001EB5108816BB4
:1027A00001EB5821FFF72EFE054640BB14F0010453
:1027B00006F14C0908F1010AC8F3080808BFFBB28A
:1027C00030461FBF19F8083003F00F023B0103F039
:1027D000F00318BF134309F808300123B16BF370FD
:1027E00001EB5A21FFF70EFE054640B9CAF3080A6D
:1027F00044B1C7F3071709F80A700123F37028469C
:10280000BDE8F08719F80A30C7F3032723F00F0358
:102810001F43F0E7816B01EB1421FFF7F3FD054641
:102820000028ECD1640006F14C0304F4FF741F553A
:102830001919C7F307274F70DFE70000F8B5044602
:102840000E461746E3690BB91846F8BD012BA6EBF7
:102850000305206814BFAA1C3A46691CFFF76AFFEB
:102860000028F2D1E369013BE361EBE701292DE99F
:10287000F84306460C461746056802D80220BDE814
:10288000F883EB6A8B42F9D97AB9A14621463046E2
:10289000A046FFF76FFE0446B0B92B78042B02D197
:1028A000002F43D1F7710020E9E72B78042B02D1E8
:1028B000C379022BE9D04FF0FF3239462846FFF7A3
:1028C00039FF0028E1D0DAE70128D7D0421C01D136
:1028D0000120D4E72B78042B19D1EA6AAB69023ABC
:1028E00093421CD308F10102A2420CD02B78042B96
:1028F00008D10023A2EB090249462846FFF7FEFD56
:102900000028BCD1A146EB6AA342BFD8C5E700228C
:1029100041462846FFF70EFF0028DED0AFE701331F
:10292000AB612B7943F001032B71DBE7F3798BB9B2
:10293000B468BC4202D10223F371B4E721463046A9
:10294000FFF718FE012899D9431CC1D001348442F5
:10295000EFD0A8E7032BA6D1B368BB42A3D8B269D6
:102960001344BB429FD3E6E770B5C3790446032BFB
:1029700006D181688369CD18A94203D10023E37190
:10298000002070BD4E1C20683246FFF7D3FE0028A1
:10299000F7D13146F0E700002DE9F74305460191F4
:1029A000FFF70AFD0446002849D105F14C090199B9
:1029B00028464FF40072FFF775FB2146A8640746CE
:1029C0004846FFF7CBF96C896402B4F5004F28BF85
:1029D0004FF40044B4F5007F2FD9204604F074FC76
:1029E000804630B122460021640A0026FFF7B6F97E
:1029F00009E06408EEE72346BA194146687803F017
:102A0000FBFF18B926446B899E42F4D3404604F07C
:102A10006BFC6889801B18BF012003B0BDE8F08300
:102A200001366B899E42F4D20123BA19494668786F
:102A300003F0E2FF0028F3D0EBE70026F1E70120E6
:102A4000EBE70000F8B50446FFF7B6FC05460028A2
:102A500042D12378032B37D12779012F34D104F1C8
:102A60004C0601464FF400723046FFF777F95523C4
:102A70004122722184F84A32AA2304F50D7084F8A9
:102A80004F2084F84B32522384F8301284F84C30B3
:102A900084F84D30612384F8311284F84E3084F884
:102AA0003332A16984F83222FFF7E4FA616904F550
:102AB0000E70FFF7DFFA626B3B46314601326078F9
:102AC000A26403F099FF257100226078114603F09B
:102AD000B7FF003818BF0120F8BD000000232DE922
:102AE000F0430B6085B00F461546FFF71BFB061E33
:102AF000C0F2B281804B53F82640002C00F0AE812A
:102B00003C6005F0FE0523786BB1607803F04EFF62
:102B1000C70708D41DB110F0040500D00A252846C7
:102B200005B0BDE8F0830023F0B22370607003F0BD
:102B300029FFC10700F194810DB14207EED40021B5
:102B40002046FFF779FC022840F099806E4604F297
:102B5000122304F25221324618461033FFF784FA4A
:102B600042F8040B8B42F7D1002556F8041B0029CC
:102B70007DD02046FFF760FC012879D80128A26C9F
:102B800040F0C08004F1570304F18C0113F8015B9D
:102B9000002D7BD18B42F9D1B4F8B430B3F5807FEE
:102BA00074D194F8B830092B70D104F19400FFF778
:102BB0005DFA4FF0FF33171841F10001BB4275EB8E
:102BC000010363D304F1A000FFF74EFA94F8BA3082
:102BD0002063012BA37059D194F8B99003FA09F935
:102BE0001FFA89F36381002B50D0444B04F1A800F5
:102BF000FFF73AFA0646984248D8831C626304F10C
:102C0000A400E362FFF730FA00EB020804F19C0035
:102C1000C4F84080FFF728FA10441FFA89F2A06335
:102C200006FB02F313EB080345EB05029F4271EB31
:102C300002032BD32E4604F1AC00FFF715FAE06334
:102C400065B96389B34221D9E16B2046FFF72AFABF
:102C500081192046FFF7D6FB98B90136631993F81E
:102C60004C30812B14D02035C5F30805E8E703204C
:102C70000135042D7FF479AF042807D101E0042841
:102C800001D101254BE701287FF678AF0D2546E7F6
:102C900005F1140004F14C063044FFF7E5F9012872
:102CA0000546F3D9E36A8342F0D96189821E236C19
:102CB00002FB01336364A16B204601EBD511FFF7E2
:102CC000A1FB0028DDD105F07F0006EB8000FFF7B7
:102CD000CBF9431C03D00135A842ECD0D6E704253C
:102CE000C4E90500064A257000251388E561013313
:102CF0009BB21380E38012E79C360020FDFFFF7F2C
:102D0000A0360020B4F85730B3F5007FBED1B4F838
:102D1000626026B904F17000FFF7A6F9064694F840
:102D20005C302663591EA3700129AFD894F859501E
:102D30006581002DAAD0691E2942A7D1B4F85D8013
:102D400018F00F0FA4F80880A0D1B4F85F0018B9EC
:102D500004F16C00FFF788F9B4F85A10002995D0F7
:102D600006FB03FE01EB181CF44460458ED3A0EB78
:102D70000C00A842B0FBF5F388D33E48834285D8C7
:102D80004FF6F57083426DD903259F1C114402EB69
:102D90000C03032DE7626263A16323644CD1B4F892
:102DA000763053EA08037FF471AFBB0004F178007A
:102DB000FFF75AF9E06303F2FF13B6EB532FFFF46A
:102DC00065AF4FF0FF33032DC4E905334FF08003A7
:102DD000237187D1B4F87C30012B83D1511C20465C
:102DE000FFF710FB00287FF47DAFB4F84A224AF6C3
:102DF000552320719A427FF475AF1F4B04F14C00AC
:102E0000FFF732F998427FF46DAF03F1FF5304F5F9
:102E10000C70FFF729F903F50053203398427FF433
:102E200061AF04F50D70FFF71FF9A06104F50E7096
:102E3000FFF71AF9606155E7B8F1000F3FF426AFCC
:102E40007144022D4FEA4703E1631EBFD91907F011
:102E5000010303EB5103AEE70B2560E60C255EE6AC
:102E600003255CE640F6F575AB428CBF02250125D3
:102E70008BE700BFF5FFFF0F525261412DE9F84F7C
:102E800007460568884649B96E69C6B1EB6AB34220
:102E900098BF0126AB69A3B9002405E0FFF76AFBE0
:102EA0000128044603D801242046BDE8F88F421CBF
:102EB00000F0D280EB6A8342F6D84646EAE7012664
:102EC000E8E72A78EB6A042A40F08380A6F1020A38
:102ED000023B4FF0010B9A4528BF4FF0000AD14644
:102EE000696C284601EB1931FFF78CFA00283BD1B9
:102EF00009F00703EA6AC9F3C8010BFA03F3901E4D
:102F0000DBB26A184C4609F1010992F84C20814560
:102F100002EA030233BF5B0000234FF40071DBB20F
:102F200028BF9946B2B90234631E0333BCD80123CB
:102F3000214628461A46FFF7E1FA0228B3D00128B5
:102F400000F08A80B8F1000F13D10223FB71002832
:102F5000A9D130E0CA450AD0002BD2D10131B1F558
:102F6000007FBDD20123CCE74FF0FF34DCE7002423
:102F7000DAE7FB79022B07D1731CA342E7D0BB68C9
:102F8000F31ABB610323FB7108F10102FB69A24242
:102F900005D113B10133FB61D9E70223FBE70BB97C
:102FA0000123FB61224641463846FFF747FC0028D3
:102FB0004FD10123FB61EA6AAB69023A6C6193422B
:102FC0009CBF03F1FF33AB612B7943F001032B71FD
:102FD0006AE7464514D1741C3846A34298BF0224C0
:102FE0002146FFF7C7FA01283FF45DAF431C33D0F9
:102FF000E0B16B69012B03D9EA6A934238BF1E46E0
:1030000034460134EB6AA34203D8012E7FF644AF65
:10301000022421463846FFF7ADFA48B101283FF4B3
:1030200042AF013018D0B442EBD135E7002CE7D0E5
:103030004FF0FF3221462846FFF77CFB48B9B8F134
:10304000000FB8D0224641462846FFF773FB002800
:10305000B1D001287FF427AF4FF0FF3424E7000000
:103060002DE9F84306680446076B89463378203714
:10307000042B0CBF4FF080534FF40013BB429CBF96
:1030800000238363836B73B1C7F30808B8F1000FA3
:103090003CD10133416B836339B93389B3EB571F9B
:1030A00034D80023A36304200AE07389013B13EAA8
:1030B00057232BD1FFF75EFA0128054602D80220DC
:1030C000BDE8F883421C01D10120F9E7F36A83428D
:1030D00016D8B9F1000FE4D0616B2046FFF7CEFEA1
:1030E0000546C8B10128EAD0431CEDD00146304660
:1030F000FFF752FC0028E7D1E37943F00403E371C2
:10310000294630466563FEF7CDFFA0634C360020AC
:1031100027634644E663D3E70720D1E7F8B50E46B8
:10312000002104460768FFF7BDFA98B90546A16B70
:103130003846FFF767F968B93A78E36B042A1B78D9
:103140000CD11B060ED5054601212046FFF788FF4E
:103150000028ECD0042808BF072006E0E52B01D0AA
:10316000002BF0D10135B542EED1F8BDC16C4B1C3E
:103170002DE9F04104460568066B1FD1E5274FF0A5
:103180000108A16B2846FFF73DF998B92A78E36B4F
:10319000042A09BF1A781F7002F07F021A7085F89E
:1031A0000380236BB3420DD200212046FFF758FF66
:1031B0000028E6D0042808BF022003E0FFF772FAD7
:1031C0000028DBD0BDE8F0812DE9F041054600681C
:1031D000A96B0669FFF716F9044620B9EB6B1A785C
:1031E000852A03D002242046BDE8F081324603F14F
:1031F000200153F8040B8B4242F8040BF9D1777885
:1032000001377F01A7F16003B3F5007FEAD8002101
:103210002846FFF725FF04280446E3D00028E2D122
:10322000A96B2868FFF7EEF804460028DBD1EB6BAA
:103230001A78C02AD6D106F1200203F1200153F8F2
:10324000040B8B4242F8040BF9D196F823300F227D
:103250002C33B3FBF2F3B7EB431FC3D34FF040085B
:1032600000212846FFF7FCFE04280446BAD00028B7
:10327000B9D1A96B2868FFF7C5F804460028B2D178
:10328000EB6B1A78C12AADD1B8F5187F09D206EBDD
:10329000080203F1200153F8040B8B4242F8040B9F
:1032A000F9D108F120084745DAD8B8F5187F9AD83F
:1032B0003046FEF71FFF7388834294D092E70000E8
:1032C0000B68002210B5036004460B6A83604B6AEA
:1032D000C261C37123F0FF03896AC0E90432C1648B
:1032E000FFF7E0F920B92046BDE81040FFF76CBFBA
:1032F00010BD0000F8B50368054601271C6920468B
:10330000FEF7F8FEA070000A6678E0702846E96CC7
:10331000FFF7C8F920B1022828BF0220C0B2F8BDCB
:10332000A96B2868FFF76EF80028F4D1EB6B04F165
:10333000200254F8041B944243F8041BF9D12B6873
:10334000DF70002EE7D000212846013EFFF788FEFF
:10335000E0E700002DE9F8434FF0FF080646076854
:10336000042445464FF6FF79B16B11B9002C73D098
:1033700063E03846FFF746F8044600285DD1F06B5D
:103380000378002B6ED03A78042A11D1852B4DD1C9
:10339000336B3046F364FFF717FF044600284CD127
:1033A0003B691B7903F03F03B3712046BDE8F88306
:1033B000C27AE52B02F03F02B27143D02E2B41D0EE
:1033C00022F0200108293DD00F2A40D1590637D5D7
:1033D00003F0BF05336B90F80D80F364437B4345E6
:1033E00030D1428B72BB03780D21FC6823F040037F
:1033F000DFF874E0013B4B4301211EF801CB30F8AC
:103400000CC009B3FF2B1DD824F813C0614601334B
:1034100001320D2AF1D10278520605D521B1FF2BD8
:1034200010D8002224F81320013DEDB200213046CF
:10343000FFF716FE0446002896D00023B363B4E7D6
:10344000AB42CBD0FF25F1E7CC45E1D0FAE72DB96F
:10345000FEF740FE404501D10024A6E74FF0FF33C0
:10346000F364A2E70424E8E7BC9400082DE9F04FD8
:10347000002187B00446D0F80090FFF713F980468A
:1034800070B999F80030042B33D1D9F80C00FEF74D
:1034900079FF07462046FFF75DFF054620B18046CD
:1034A000404607B0BDE8F08FD9F810309A8CBA4288
:1034B000F0D193F823B040265D4506D1D9F80C3001
:1034C00033F81530002BE5D1EAE7F106D9F81030D2
:1034D00008BF0236985B01F04DF8D9F80C308246EF
:1034E00033F8150001F046F88245D3D10236013594
:1034F000E2E74FF0FF0A4FF0FF3B5546C4F84CB0EF
:10350000A16B4846FEF77EFF00285CD1E66B37785A
:10351000002F77D0F27AE52F02F03F03A37103D09A
:10352000120704D50F2B04D0C4F84CB04FE00F2B7A
:1035300054D194F84B3058063FD4790645D5236BC7
:1035400007F0BF0796F80DA0E364737B53453ED1A7
:10355000738B002B3BD135780121D9F80C3005F065
:103560003F0501930D23013D5D43284B13F8012BCB
:10357000B25A71B3FF2D059329D81046049200F07A
:10358000F9FF6B1C03900293019B33F8150000F0C8
:10359000F1FF039981421AD1049A029D1146059BBD
:1035A0001B4A9342E2D133785A0604D519B1019BE4
:1035B00033F815305BB97D1EEDB200212046FFF7D0
:1035C0004FFD00289CD080466AE7BD42BDD0FF2554
:1035D000F3E74FF6FF708242E2D0F8E72DB93046AC
:1035E000FEF778FD50453FF45BAF94F84B30DB07B6
:1035F0009AD40B2204F14001304605F0F1FD002879
:1036000092D14DE74FF004084AE700BFBC94000890
:10361000C99400082DE9F04F90F84BB099B00446DA
:103620001BF0A00540F068810668F26832F815309A
:10363000002B4AD13378042B40F087800F230E35BE
:103640002046B5FBF3F5A91CFFF768FD814600286D
:1036500077D1236B0135A3EB4515E3795A07E56470
:1036600035D523F004032046E371FFF77DF950BB05
:103670004FF0FF32616B2046FFF7E0F818BBA368FC
:103680002BB3214604A8FFF71BFEE0B970894FF465
:103690000071D4E90423E0FB01233069C4E9042369
:1036A0003830FEF7EFFC3069D4E904232830FEF708
:1036B000E9FCE379326904A843F0010382F8213080
:1036C000FFF718FE18B181463BE00135AEE7D6E9B9
:1036D0000354402200212046FEF740FB85230121B0
:1036E00040222370C0234FF0C10C04EB010884F882
:1036F000203000231E469E46571C04F802C0F0B23C
:10370000023204F807E021B135F8131009B1013392
:10371000DBB20F0AA15408F802700232D706F2D1C8
:1037200035F813700136002FE6D184F82330831C5E
:1037300028466370FEF726FE84F82400000A84F809
:103740002500484619B0BDE8F08F04F140070DF19F
:10375000100A1BF0010F97E807008AE8070000F045
:10376000D38040234FF0010884F84B30BC46F36807
:10377000B8F1050F9AE80700ACE803002CF8022B1B
:103780004FEA12428CF8002059D9981E424630F870
:10379000021F002942D10DF10F0C072102F00F0E7C
:1037A000914612090EF13000392888BF0EF137001A
:1037B00001390CF8010902D0B9F10F0FEED818AB9E
:1037C0007E205A1802F8580C38460022914206D042
:1037D00010F801CB02F1010EBCF1200F31D104F140
:1037E0003F0C072902F1010297BF18AB202058189F
:1037F000013198BF10F8580C072A0CF80200F0D9D4
:103800002046FFF733FE8146002878D108F10108F1
:10381000B8F1640FAAD14FF0070992E74FF0100CEE
:1038200001F0010E49080EEB4202D30344BF82F4BB
:10383000883282F02102BCF1010CF1D1A7E74246A7
:10384000A9E77246C2E7216B2046A1EB4511FEF7BE
:1038500029FF814600287FF474AF4FF6FF78384681
:10386000FEF738FC0190A16B3046FEF7CBFD814698
:1038700000287FF466AFE36BE9B2019A4FF00D0CBC
:10388000D6F80CE05A734FF00F02DFF8E0A0DA72BE
:103890004A1E18730CFB02F284469876D87640458F
:1038A0001AF8019B0CF1010C18BF3EF8120003EB53
:1038B000090B18BF013203F809004FEA102900284C
:1038C00008BF4046BCF10D0F8BF80190E7D1404591
:1038D00002D03EF812200AB941F0400119700123CC
:1038E00000212046F370FFF7BBFB814600287FF4E0
:1038F00028AF013DB7D11BE04FF0060921E70428AE
:103900007FF41FAF84F84BB01BF0020F20461BBFA3
:103910000C350D210125B5FBF1F518BF0135294600
:10392000FFF7FCFB814600287FF40BAF013D8AD1F5
:10393000A16B3046FEF766FD814600287FF401AF9B
:1039400001462022E06BFEF709FAE36B03CF186013
:103950005960BA7839889A72198194F84B30E26BC1
:1039600003F0180313730123F370EAE6BC94000814
:1039700010B504460A463430FEF776FB886004F141
:103980003800FEF773FBC2E9040194F8213003F01C
:103990000203D3710023D36110BD000003284B8BB9
:1039A00004BF8A8A43EA0243184670472DE9F04F64
:1039B0000B7899B0044689462F2BD0F800B001D07F
:1039C0005C2B09D14A461378914601322F2BFAD04D
:1039D0005C2BF8D0002301E0DBF81C30A36000234F
:1039E000E3619BF80030042B1ED1A368E3B1DBF840
:1039F0002030214604A82362DBF824306362DBF820
:103A00002830A362FFF75CFC0346002854D1DBF8A2
:103A1000102002F13800FEF727FBC4E9040392F8F6
:103A2000213003F00203E37199F800301F2B00F2FC
:103A3000358180230021204684F84B3019B0BDE841
:103A4000F04FFEF72FBE49460B78894601312F2BE8
:103A5000FAD05C2BF8D01F2B8CBF00250425012F3A
:103A60002FD113882E2B31D1002322F8173004F1E7
:103A700040029F428CBF2E21202101330B2B02F8E4
:103A8000011BF6D145F02005204684F84B50FFF786
:103A9000EDFC94F84B30002800F0E78004280BD1AF
:103AA000990603F0040240F1DC80002A00F0F68061
:103AB0008023002084F84B3019B0BDE8F08F042536
:103AC000CDE7022F02D153882E2BCAD0911E87BB7F
:103AD000002322F81730002F00F0118132F8130074
:103AE000194601332028F9D009B92E2801D145F013
:103AF0000305901E30F817302E2B01D0013FF9D16D
:103B00004FF020334FF0000A6364D0462364C4F8BA
:103B100047300823481C32F811600090F6B1202E7F
:103B200003D02E2E0DD1B84210D045F003050099D8
:103B3000F0E731F81730202B01D02E2BC8D1013FF0
:103B4000C5E79A4505D20099B9423BD10B2B30D13C
:103B500001E00B2B27D145F003050B2394F84020FF
:103B6000E52A04BF052284F84020082B04BF4FEA51
:103B700088085FFA88F808F00C030C2B03D008F0D3
:103B80000303032B01D145F00205A8073FF57CAFE5
:103B900018F0010F18BF45F0100518F0040F18BFFA
:103BA00045F0080570E70099B94202D045F00305D9
:103BB000D4D84FEA88080B234FF0080A00975FFA21
:103BC00088F8B4E77F2E15D9304640F25231CDE95E
:103BD000022345F00203019300F098FC10F0800FDF
:103BE0000646DDE9022316D000F07F0646498E5DC9
:103BF000019D46B331464548CDE9012305F05EFB02
:103C0000DDE90123F8B9A6F1410189B219291ED8CD
:103C100048F0020810E0FF28EAD9591E8A4503D36C
:103C200045F003059A4682E704EB0A01000A0AF10F
:103C3000010A019D81F8400004EB0A010AF1010A22
:103C400081F8406073E745F003055F26F4E7A6F1CD
:103C5000610189B219299EBF203E48F00108B6B221
:103C6000EAE7002A08BF052026E75A073FF524AFF8
:103C7000A379DB0645D59BF80000042835D1A3685D
:103C80002146E27923622369DBF8100023F0FF0369
:103C900013436362E36CA362FFF76AFE23680027A5
:103CA000DA6819F8010B00283FF409AF40F25231ED
:103CB000009200F04BFC054608B31F28009A7FF6DF
:103CC000FEAE2F283FF4BFAE5C283FF4BCAE7F2889
:103CD00005D801460E4805F0F1FA009A78B9FF2F91
:103CE0000DD022F817500137DBE7216B0BF14C03A5
:103CF000C1F308011944FFF751FEA060CEE706208A
:103D0000DAE60520D8E600BF3C94000835940008A8
:103D10002C9400081FB5CDE9001003A814460391A8
:103D2000FEF700FA002815DB0B4A52F820300BB1E1
:103D300000211970019B0BB10021197042F820304D
:103D40002CB1002201A96846FEF7C8FE04462046B1
:103D500004B010BD0B24FAE79C3600202DE9F04793
:103D600098B0904605460191002800F0528102F07B
:103D70003F0603A901A83246FEF7B0FE002840F036
:103D80004681039B4FF48C60049303F09DFA074631
:103D9000002800F04081039B00F500720199D86073
:103DA00004A81A61FFF702FE044620B99DF95B30B2
:103DB000002BB8BF062418F01C0F00F0CD80002C9B
:103DC0004CD0042C40D104A8FFF724FC0446002862
:103DD0003AD146F00806039B1A78042A40F0838003
:103DE000186929462B60FFF7C3FD039B1E220021A3
:103DF00018690230FDF7B2FF039C00211A222069E6
:103E00002630FDF7ABFF236920221A71246903F0E5
:103E100095FA0146012208342046FEF72BF9039B50
:103E200004A81B6983F82120FFF764FA044658B9F7
:103E3000A96801B302462846FEF718FDAB68039A4D
:103E40000446013B5361B4B1384603F04DFA0CB15E
:103E500000232B60204618B0BDE8F0879DF816308F
:103E600013F0110F40F0848018F0040F40F0C98067
:103E700018F0080FAFD1039A31071399936C48BF1C
:103E800046F04006E964AB641078042872D1069BC2
:103E90009DF817102B62089B106923F0FF030B435A
:103EA00029466B62179BAB62FFF762FDDDF80CA041
:103EB0000024002205F15008BAF806302146404699
:103EC000C5F800A0AB80002385F8306085F831404C
:103ED0006C64C5E90E234FF40072FDF73FFFB20694
:103EE00053D40024B0E703F029FA01460090139858
:103EF0000E30FEF7BFF8139800991630FEF7BAF8A7
:103F0000039C13992078FFF749FD20230022804667
:103F1000CB7220461399FEF7D1F8139B00220121A2
:103F20001A775A779A77DA77039BD970B8F1000F2E
:103F3000A1D0414604A8D3F84890FEF797FC044668
:103F4000002881D149460398FEF75CFA039B04469A
:103F500008F1FF30586176E7002C7FF475AF9DF8CB
:103F60001630DC064FD418F0020F84D0D80782D563
:103F7000072469E7FFF712FD0023A86001F11C0088
:103F8000FEF772F86B61286190E7D5E9046956EA9B
:103F90000903A6D0BAF80AA0A9684FEA4A2AC5E9D7
:103FA0000E69B24574EB09031BD300242964002C6D
:103FB0007FF44AAFC6F30803002B92D0039C20463F
:103FC000FEF770F808B3760A0123414646EAC9565F
:103FD00082196A64607802F0EBFC041E18BF0124A9
:103FE00032E72846FEF7C6FAB6EB0A06014669F143
:103FF0000009012803D9431CD3D10124D6E70224A8
:10400000D4E7082420E704241EE702241CE7044622
:104010001EE709241EE711241CE700002DE9F04FDC
:10402000994685B00023884603A90446C9F80030A4
:104030001646FEF791F8054680BB94F831506DBBEB
:1040400094F8303013F00103009300F0A68004F1DF
:10405000500AD4E90432D4E90E011B1A62EB0102C2
:10406000B34272F1000238BF1E46BEB1D4E90E1051
:10407000C1F30803002B40F08280039B5A894B0A4E
:10408000013A43EAC0531A401BD151EA000309D157
:10409000A06801280DD8022584F83150284605B0C3
:1040A000BDE8F08F216C20460192FEF763FA019A79
:1040B000EFE7431C04D10123009D84F83130EDE784
:1040C0002064DDF80CB0216C5846FDF7EBFF0028AA
:1040D000E1D0B6F5007F02EB000731D3BBF80A1040
:1040E00002EB5620730A88429BF8010088BF8B1AA6
:1040F0003A464146019302F05BFC0028DBD194F97B
:104100003020019B002A0BDA606CC01B984207D25A
:104110004FF40072514608EB4020FDF7F9FD019B7A
:104120005F02D9F80030F61BB8443B44C9F80030B0
:10413000D4E90E32DB1942F10002C4E90E3294E7F1
:10414000626CBA421AD094F93030002B0DDA012398
:1041500051469BF8010002F04FFC0028ABD194F8C7
:10416000303003F07F0384F83030039801233A465F
:104170005146407802F01CFC00289CD16764A16B7A
:104180004046C1F30801C1F500775144B74228BF4A
:1041900037463A46FDF7BCFDC3E707257EE700003A
:1041A00070B596B00E460022019002A901A8FEF754
:1041B00095FC0446E0B94FF48C6003F085F80546A1
:1041C000D8B1029B00F500720199D86002A81A616B
:1041D000FFF7ECFB044640B99DF95330002B0ADB96
:1041E0001EB1314602A8FDF7EDFF284603F07CF82A
:1041F000204616B070BD0624F7E71124F8E700004A
:1042000070B5B8B00222019003A901A8FEF766FCC0
:10421000044608BB039B4FF48C60109303F054F8E2
:104220000546002866D0039B00F500720199D8600E
:1042300010A81A61FFF7BAFB044650B99DF88B30FD
:10424000980655D4190653D49DF84630DA0706D59A
:104250000724284603F048F8204638B070BD039B79
:1042600004931878042814D104A91869FFF780FB77
:10427000069E9DF84630DB0610D410A8FEF776FFA8
:1042800004460028E5D156BB0398FEF7DBFB044645
:10429000DFE71F99FFF782FB0646EAE7039BDA692F
:1042A000B242D5D024930021269624A81B78042B53
:1042B00001BFDDE90823CDE928239DF817308DF8EB
:1042C0009730FEF7EFF904460028C2D124A8FFF783
:1042D00041F804460028BBD00428BAD1CDE70246F5
:1042E000314604A8FEF7C2FA04460028B1D1CBE754
:1042F0000624AEE71124AFE7F0B5BDB0CDE900105C
:104300006846FDF70FFF022203A901A8FEF7E6FBAE
:104310000446002841D1039B4FF48C60149302F0B3
:10432000D3FF0546002800F0EE80039B00F50072E5
:1043300014AE0199D8601A613046FFF737FB044686
:1043400040BB9DF89B3013F0A00F40F0D880039B3A
:10435000009F1A78042A68D11B6904AC03F1400C51
:104360001868083353F8041C2246634503C21446F8
:10437000F6D15022314628A8FDF7CAFC394628A8B4
:10438000FFF714FB044600284CD12A9A169B9A4248
:1043900006D00824284602F0A7FF20463DB0F0BD15
:1043A000349A209B9A42F4D128A8FFF733F90446A7
:1043B0000028EFD1039B04AF1B6993F801E093F849
:1043C00023C09C8C3A46083303CAB24243F8080C17
:1043D00043F8041C1746F5D1039B28A81B6983F8F2
:1043E00001E0039B1A6982F823C01A6982F824400D
:1043F000240A82F825401A691379D9065CBF43F074
:1044000020031371FEF776FF04460028C2D1304620
:10441000FEF7ACFE04460028BCD10398FEF712FB61
:104420000446B7E70428B5D1BEE7239A04AB02F1EE
:10443000200C1068083252F8041C1C46624503C464
:104440002346F6D15022314628A8FDF761FC3946B3
:1044500028A8FFF7ABFA044600284CD12A9A169BED
:104460009A4296D1349A209B9A4292D128A8FFF77B
:10447000D1F8044600288DD137990DF11D030DF1B7
:104480002D0001F10D0253F8044B834242F8044B16
:10449000F9D11888012710809B7893709DF81B3004
:1044A000039CDA0658BF43F02003CB72E770CB7A47
:1044B000DB06ACD5169A2A9B9A42A8D02078FFF743
:1044C0006DFA01462046FDF7EDFD0146C8B12046D4
:1044D000FDF798FF044600287FF45CAF039890F83E
:1044E0006D302E2B93D12A9A00F16C01FDF7E6FD79
:1044F000039BDF708BE704287FF44CAFB6E70624FC
:1045000048E7022446E7112447E700007F2810B55A
:1045100001D880B210BDB0F5803F13D240F25233C3
:1045200099420FD10849002231F8024B93B28442DC
:1045300003D103F18000C0B2ECE70132802AF3D14D
:104540001346F6E70020E5E77C9700087F280DD9A1
:1045500040F25233994208D1FF2806D800F10040BA
:10456000034B803833F8100070470020704700BFBD
:104570007C970008B0F5803FF0B522D21F4A83B285
:104580001F49B0F5805F28BF0A46141D34F8042C7B
:104590002146AAB1934213D334F8025C2E0AEFB23B
:1045A00052FA85F5A84222DA082E09D8DFE806F08B
:1045B000050A10121416181A1C00801A34F810304C
:1045C0001846F0BD981A00F001001B1A9BB2F7E7DD
:1045D000103BFBE7203BF9E7303BF7E71A3BF5E7F9
:1045E0000833F3E7503BF1E7A3F5E353EEE7043478
:1045F000002ECBD101EB4702C7E700BFCC940008E7
:10460000C096000808B5074B074A196801F03D013C
:10461000996053680BB190689847BDE8084003F073
:104620009BB800BF00000240A436002008B5084B2C
:104630001968890901F03D018A019A60054AD36829
:104640000BB110699847BDE8084003F085B800BF7A
:1046500000000240A436002008B5084B1968090C78
:1046600001F03D010A049A60054A53690BB1906953
:104670009847BDE8084003F06FB800BF0000024053
:10468000A436002008B5084B1968890D01F03D01DA
:104690008A059A60054AD3690BB1106A9847BDE84C
:1046A000084003F059B800BF00000240A4360020C3
:1046B00008B5074B074A596801F03D01D960536AB4
:1046C0000BB1906A9847BDE8084003F045B800BFB9
:1046D00000000240A436002008B5084B596889093B
:1046E00001F03D018A01DA60054AD36A0BB1106B13
:1046F0009847BDE8084003F02FB800BF0000024013
:10470000A436002008B5084B5968090C01F03D019A
:104710000A04DA60054A536B0BB1906B9847BDE809
:10472000084003F019B800BF00000240A436002082
:1047300008B5084B5968890D01F03D018A05DA601A
:10474000054AD36B0BB1106C9847BDE8084003F0E5
:1047500003B800BF00000240A436002008B5074B94
:10476000074A196801F03D019960536C0BB1906CD8
:104770009847BDE8084002F0EFBF00BF00040240C8
:10478000A436002008B5084B1968890901F03D01DD
:104790008A019A60054AD36C0BB1106D9847BDE849
:1047A000084002F0D9BF00BF00040240A436002038
:1047B00008B5084B1968090C01F03D010A049A601C
:1047C000054A536D0BB1906D9847BDE8084002F063
:1047D000C3BF00BF00040240A436002008B5084B48
:1047E0001968890D01F03D018A059A60054AD36D6B
:1047F0000BB1106E9847BDE8084002F0ADBF00BF96
:1048000000040240A436002008B5074B074A596847
:1048100001F03D01D960536E0BB1906E9847BDE831
:10482000084002F099BF00BF00040240A4360020F7
:1048300008B5084B5968890901F03D018A01DA6021
:10484000054AD36E0BB1106F9847BDE8084002F0DF
:1048500083BF00BF00040240A436002008B5084B07
:104860005968090C01F03D010A04DA60054A536FEA
:104870000BB1906F9847BDE8084002F06DBF00BFD4
:1048800000040240A436002008B5084B5968890D81
:1048900001F03D018A05DA60054AD36F13B1D2F801
:1048A00080009847BDE8084002F056BF000402406F
:1048B000A436002000230C4910B51A460B4C0B609F
:1048C00054F82300026001EB430004334260402BA4
:1048D000F6D1074A4FF0FF339360D360C2F8083433
:1048E000C2F80C3410BD00BFA43600207C9800082C
:1048F000000002400F28F8B510D9102810D0112858
:1049000011D0122808D10F240720DFF8C8E00126B3
:10491000DEF80050A04208D9002653E00446F4E730
:104920000F240020F1E70724FBE706FA00F73D42D9
:104930004AD1264C4FEA001C3D4304EB00160EEB17
:10494000C000CEF80050C0E90123FBB273B120488B
:10495000D0F8D83043F00103C0F8D830D0F8003197
:1049600043F00103C0F80031D0F8003117F47F4F55
:104970000ED01748D0F8D83043F00203C0F8D83032
:10498000D0F8003143F00203C0F80031D0F8003114
:1049900054F80C00036823F01F030360056815F04A
:1049A0000105FBD104EB0C033D2493F80CC05F68B8
:1049B00004FA0CF43C6021240560446112B1987B38
:1049C00000F0D0FC3046F8BD0130A3E77C98000829
:1049D00000440258A436002010B5302484F3118816
:1049E000FFF788FF002383F3118810BD10B504463C
:1049F000807B00F0CDFC01231549627B03FA02F2B3
:104A00000B6823EA0203DAB20B6072B9114AD2F8DA
:104A1000D81021F00101C2F8D810D2F8001121F00D
:104A20000101C2F80011D2F8002113F47F4F0ED11A
:104A3000084BD3F8D82022F00202C3F8D820D3F8CC
:104A4000002122F00202C3F80021D3F8003110BD8A
:104A5000A43600200044025808B5302383F311889F
:104A6000FFF7C4FF002383F3118808BD084BC26A17
:104A7000994228BF1946836C50688B4210B506D9FD
:104A80005A1E4C0002EB4103B3FBF4F3184410BD73
:104A900020BCBE0001F001038A0748BF43F00203B7
:104AA0004A0748BF43F008030A0748BF43F004031E
:104AB000CA0648BF43F010038A06426B48BF43F062
:104AC000200313434363704710B5074C204600F0A2
:104AD000CBFF064B0022C4E91023054BA364054B12
:104AE000E363054BE36410BD28370020002402482F
:104AF00000B4C4047C3700207C390020C36A0BB9A1
:104B0000104BC3620379012B11D10F4B98420ED188
:104B10000E4BD3F8DC2042F40072C3F8DC20D3F84B
:104B2000042142F40072C3F80421D3F80431436C29
:104B300000221A65DA621A605A605A624FF0FF3238
:104B40009A6370477C990008283700200044025877
:104B50000379012B1BD0436C00221A65DA621A60BC
:104B60005A605A624FF0FF329A63094B98420ED155
:104B7000084BD3F8DC2022F40072C3F8DC20D3F811
:104B8000042122F40072C3F80421D3F804317047E1
:104B9000283700200044025810B5446C0649FFF73E
:104BA00065FF6060236842F2107043F003032360E6
:104BB000BDE8104001F05EBD801A06000129F8B57D
:104BC000466C0B4F09D175680A493D40FFF74EFF0F
:104BD000054345F480557560F8BD746806493C404E
:104BE000FFF744FF044344F480547460F4E700BFCB
:104BF00000ECFFFF80F0FA0240787D01436C002258
:104C00005A601A6070470000426C0129536823F40F
:104C1000404304D0022905D001B95360704743F4E2
:104C20008043FAE743F40043F7E70000436C41F4A4
:104C300080519A60D9605A6B1206FCD580229A6323
:104C40007047000010B541F48851446CA260E160E7
:104C5000616B11F04502FBD0A26311F0040203D096
:104C6000FFF718FF012010BD616910461960FAE7CF
:104C700010B541F48851446CA260E160616B11F0A1
:104C80004502FBD0A26311F0050203D0FFF702FF3B
:104C9000012010BD616910461960FAE773B513462B
:104CA00004460E46302282F31188426CD26B32B138
:104CB0004FF0FF314030019301F0E8FC019B606C44
:104CC00000220265C263C262456B15F4807504D18F
:104CD00085F31188012002B070BD4FF0FF31816370
:104CE00082F31188012E06D90C21204602B0BDE8BE
:104CF0007040FFF7BDBF1046EDE7000073B5446C90
:104D00000E4600250192616BA1632565E562FFF700
:104D1000C1FE012E07D9019B2A460C2102B0BDE835
:104D20007040FFF7A5BF02B070BD000010B541F4A0
:104D30009851446CA260E160616B11F04502FBD0B8
:104D4000A26311F03F0203D0FFF7A4FE012010BDC3
:104D5000216A10461960E1695960A1699960616929
:104D6000D960F4E72DE9F74304460191006D01A9EC
:104D70001746984602F018FC064600284AD0626C96
:104D80002046DDF804905568C5F3090501356B0030
:104D9000A56CB5FBF3F54FF47A73B5FBF3F55D4302
:104DA000556200F027FE50BB636C4FF0FF320125C7
:104DB0004146C3F8589020461D659A634FF495729A
:104DC000DA6342F207029F62DA62E36C0A9AFFF743
:104DD0004FFFA0B9E26C104B11680B407BB929461C
:104DE0002046FFF75BFF054648B92E463A46019933
:104DF000206D02F011FC304603B0BDE8F0833A4666
:104E00000199206D02F008FCE26C01212046FFF7B9
:104E100075FFF0E70126EEE708E0FFFD2DE9F74317
:104E20001F46436C01924FF47A725D6804468846CF
:104E3000C5F3090501356E00856CB5FBF6F5B5FBCC
:104E4000F2F555435D6200F0D5FD20B101252846FD
:104E500003B0BDE8F0837E0201A9206D324602F066
:104E6000A3FB05460028F1D0636C019AD4F84C905E
:104E70009A6501221A654FF0FF329A634FF49572DA
:104E8000DA639E62236BDB064B4658BF4FEA482825
:104E9000012F42461BD912212046FFF7E9FEC0B977
:104EA000D9F80020104B13409BB9636C42F2930277
:104EB00039462046DA62E26CFFF7F0FE804640B9E0
:104EC00032460199206D454602F0A6FBBFE711214D
:104ED000E2E732460199206D02F09EFBE26C394612
:104EE0002046FFF70BFFB2E708E0FFFD2DE9F34195
:104EF0001F46436C01924FF47A725D6804468846FF
:104F0000C5F3090501356E00856CB5FBF6F5B5FBFB
:104F1000F2F555435D6200F06DFD20B10125284694
:104F200002B0BDE8F0817E0201A9206D324602F098
:104F300081FB05460028F1D0636C019A9A65012235
:104F40001A654FF0FF329A634FF48D72DA639E62F6
:104F5000236BE66CDB06334658BF4FEA4828012F27
:104F6000424619D919212046FFF782FEB0B93268AE
:104F70000F4B134093B9636C42F2910239462046BD
:104F8000DA62E26CFFF78AFE064638B901993546C7
:104F9000206D02F08BFBC2E71821E4E70199206D38
:104FA00002F084FBE26C39462046FFF7A7FEB6E725
:104FB00008E0FFFD12F0030F2DE9F04107460C4613
:104FC00015461E4617D00E44B44202D10020BDE85B
:104FD000F0810123FA6B21463846FFF71FFF0028B6
:104FE000F5D128464FF40072F96B05F500750134D0
:104FF000FCF78EFEE8E7BDE8F041FFF70FBF0000C9
:1050000012F0030F2DE9F04107460C4615461E46E7
:1050100017D00E44B44202D10020BDE8F0812946E9
:105020004FF40072F86B05F50075FCF771FE012373
:10503000FA6B21463846FFF759FF0028EDD10134BD
:10504000E8E7BDE8F041FFF751BF000000207047DE
:10505000302310B583F311880024436C403021467F
:10506000DC6301F021FB84F3118810BD0268436802
:105070001143016003B1184770470000024A1368EA
:1050800043F0C0031360704700440040024A1368B5
:1050900043F0C0031360704700480040024A1368A1
:1050A00043F0C0031360704700780040064BD3F80C
:1050B000E8200243C3F8E820D3F810211043C3F8D6
:1050C0001001D3F8103170470044025837B5274C0F
:1050D000274D204600F028FD04F114000094002321
:1050E0004FF40072234900F0C3F94FF400722249D3
:1050F00004F138000094214B00F03CFA204BC4E945
:105100001735204C204600F00FFD04F114000094E8
:1051100000234FF400721C4900F0AAF94FF400720A
:105120001A4904F138000094194B00F023FA194B86
:10513000C4E91735184C204600F0F6FC04F11400C1
:1051400000234FF400721549009400F091F9144BBC
:105150004FF40072134904F13800009400F00AFA89
:10516000114BC4E9173503B030BD00BF80390020B2
:1051700000E1F505C43A0020C44000207D5000083D
:1051800000440040EC390020C43C0020C442002010
:105190008D50000800480040583A0020C43E0020CE
:1051A0009D500008C44400200078004038B5264DCA
:1051B0000446037C002918BF0D46012B06D1234B62
:1051C000984230D14FF40030FFF770FF2A68236E09
:1051D000E16D03EB5203A566B3FBF2F36A681004BA
:1051E00042BF23F0070003F0070343EA4003CB600C
:1051F000AB6843F040034B60EB6843F001038B6006
:1052000042F4967343F001030B604FF0FF330B62DF
:10521000510505D512F0102211D0B2F1805F10D0E7
:1052200084F8643038BD0A4B984205D0094B984247
:10523000CCD14FF08040C7E74FF48020C4E77F23F4
:10524000EEE73F23ECE700BF849900088039002097
:10525000EC390020583A00202DE9F047C66D05468C
:105260003768F469210734621AD014F0080118BFB6
:105270004FF48071E20748BF41F02001A3074FF0CF
:10528000300348BF41F04001600748BF41F0800152
:1052900083F31188281DFFF7E9FE002383F31188AB
:1052A000E2050AD5302383F311884FF48061281D6D
:1052B000FFF7DCFE002383F311884FF030094FF035
:1052C000000A14F0200838D13B0616D54FF03009FB
:1052D00005F1380A200610D589F31188504600F0F0
:1052E0007DF9002836DA0821281DFFF7BFFE27F0D8
:1052F00080033360002383F31188790614D5620696
:1053000012D5302383F31188D5E913239A4208D1AB
:105310002B6C33B127F040071021281DFFF7A6FEA4
:105320003760002383F31188E30618D5AA6E13694A
:10533000ABB15069BDE8F047184789F31188736A2B
:10534000284695F86410194000F008FC8AF311888B
:10535000F469B6E7B06288F31188F469BAE7BDE88A
:10536000F0870000090100F16043012203F5614369
:10537000C9B283F8001300F01F039A4043099B0051
:1053800003F1604303F56143C3F880211A6070475D
:1053900000F01F0301229A40430900F160409B0086
:1053A00000F5614003F1604303F56143C3F88020D9
:1053B000C3F88021002380F800337047F8B5154604
:1053C000826804460B46AA4200D28568A169266914
:1053D000761AB5420BD218462A46FCF799FCA36907
:1053E0002B44A3612846A3685B1BA360F8BD0CD9BE
:1053F000AF1B18463246FCF78BFC3A46E168304456
:10540000FCF786FCE3683B44EBE718462A46FCF7CA
:105410007FFCE368E5E7000083689342F7B5044644
:10542000154600D28568D4E90460361AB5420BD21D
:105430002A46FCF76DFC63692B4463612846A36828
:105440005B1BA36003B0F0BD0DD93246AF1B0191C9
:10545000FCF75EFC01993A46E0683144FCF758FCE1
:10546000E3683B44E9E72A46FCF752FCE368E4E7DB
:1054700010B50A440024C361029B8460C1600261CC
:105480000362C0E90000C0E9051110BD08B5D0E90C
:105490000532934201D1826882B98268013282600A
:1054A0005A1C426119700021D0E904329A4224BF8B
:1054B000C368436101F012F9002008BD4FF0FF30CE
:1054C000FBE7000070B5302304460E4683F31188D5
:1054D000A568A5B1A368A269013BA360531CA361A1
:1054E00015782269934224BFE368A361E3690BB195
:1054F00020469847002383F31188284607E0314669
:10550000204601F0DBF80028E2DA85F3118870BD4F
:105510002DE9F74F04460E4617469846D0F81C90E2
:105520004FF0300A8AF311884FF0000B154665B131
:105530002A4631462046FFF741FF034660B94146FF
:10554000204601F0BBF80028F1D0002383F3118836
:10555000781B03B0BDE8F08FB9F1000F03D00190C4
:105560002046C847019B8BF31188ED1A1E448AF32D
:105570001188DCE7C160C361009B82600362C0E9FF
:1055800005111144C0E9000001617047F8B50446F7
:105590000D461646302383F31188A768A7B1A36888
:1055A000013BA36063695A1C62611D70D4E9043237
:1055B0009A4224BFE3686361E3690BB120469847D0
:1055C000002080F3118807E03146204601F076F88C
:1055D0000028E2DA87F31188F8BD0000D0E905233E
:1055E00010B59A4201D182687AB9826800210132ED
:1055F00082605A1C82611C7803699A4224BFC36886
:10560000836101F06BF8204610BD4FF0FF30FBE7DF
:105610002DE9F74F04460E4617469846D0F81C90E1
:105620004FF0300A8AF311884FF0000B154665B130
:105630002A4631462046FFF7EFFE034660B9414651
:10564000204601F03BF80028F1D0002383F31188B5
:10565000781B03B0BDE8F08FB9F1000F03D00190C3
:105660002046C847019B8BF31188ED1A1E448AF32C
:105670001188DCE70379052B05BF836A0020012030
:105680004B6004BF4FF400730B60704770B55D1E34
:10569000866A04460D44B54205D9436B43F0800346
:1056A0004363012070BD06250571FFF783FC0523C8
:1056B0002371F7E770B55D1E866A04460D44B54256
:1056C00005D9436B43F080034363012070BD072578
:1056D0000571FFF795FC05232371F7E738B50579C8
:1056E0000446052D05D108230371FFF7AFFC257192
:1056F00038BD0120FCE700000323F0B5037185B03D
:105700000446FFF749FA002220461146FFF78EFAB9
:105710004FF4D57203AB08212046FFF7A9FA0246E1
:10572000B8B901232363039BC3F30323012B09D1DE
:1057300003AB37212046FFF79BFA18B9A44B039A15
:105740001340ABB120460125FFF758FA022323711D
:1057500037E103AB002237212046FFF789FA28B949
:105760009B4A039B1A40002A00F0A7800223236370
:10577000236B03F00F03022B40F0A9806425954EA4
:1057800042F2107000F076FF03AB32460121204652
:10579000FFF758FA0028D5D1039B002B80F29380A5
:1057A0005A0003D5236B43F010032363002204F156
:1057B000080302212046FFF7B9FA02460028C1D1AA
:1057C00004F1380303212046FFF752FA0028B9D12B
:1057D00004F11805A26B092120462B46FFF7A6FA13
:1057E0000028AFD102ABA26B07212046FFF740FA99
:1057F00006460028A6D1236B03F00F03022B40F0CE
:105800008F807E227F21284603F016FA012840F27D
:105810008780E76B42F2107000F02CFF08234FF4F2
:105820000072394620460096FFF79CFA002889D17D
:10583000384603F04FFA236BA06203F00F03022BEC
:1058400072D103AB644A06212046FFF711FA002803
:1058500071D15F49039B1940B1FA81F14909204692
:10586000FFF7ACF902AB4FF4007210212046FFF7AE
:10587000FFF9054600287FF465AF554E029B334281
:105880007FF460AF236B13F00E0F03F00F0273D0A1
:10589000022A7FF457AFE36A1978012900F0948057
:1058A000022900F09380002900F089804B4F2046A8
:1058B000FFF7AAF903AB3A4676E011462046226389
:1058C000FFF7B4F954E7013D7FF45AAF3AE7444D8E
:1058D0006426444A3E4F012B18BF154603AB0022F5
:1058E00037212046FFF7C4F900287FF42BAF039B34
:1058F0003B427FF427AF03AB2A4629212046FFF71E
:10590000A1F900287FF41EAF039B002BFFF648AFE0
:10591000013E3FF417AF42F2107000F0ABFEDDE73E
:10592000284603F0ABF986E77E227F212846E66B06
:1059300003F082F908B9002191E7002340223146A3
:10594000204600930623FFF70DFA0028F3D1B38910
:105950005BBA9B07EFD5244B40223146204600938B
:105960000623FFF7FFF90028E5D1317C01F00F0194
:105970000F3918BF012172E7E36A1978F9B10129DB
:105980007FF4E0AE2046FFF73FF903ABA26B37216F
:105990002046FFF76DF900287FF4D4AE039B334215
:1059A0007FF4D0AE03AB022206212046FFF760F958
:1059B00000287FF4C7AE039B33427FF4C3AE0523B8
:1059C0002371284605B0F0BD084F70E7084F6EE719
:1059D00008E0FFFD0080FFC00001B9030000B7032D
:1059E0000080FF5000001080F1FFFF800001B7032E
:1059F0000002B70337B504460C4D01ABA26B0D2175
:105A00002046FFF735F978B9019B2B420BD1C3F340
:105A10004323042B08D0053B022B04D84FF47A70A3
:105A200000F028FEE9E7012003B030BD08E0FFFDEB
:105A300070B53023054683F3118803790024022BC7
:105A400003D184F31188204670BD0423037184F3CD
:105A500011880226FFF7CEFF04462846FFF7CEF84E
:105A60002E71F0E7FFF730B8044B03600123037198
:105A700000234363C0E90A33704700BF9C990008C4
:105A800010B53023044683F31188C162FFF736F85E
:105A900002230020237180F3118810BD10B530233C
:105AA000044683F31188FFF753F800230122E362D1
:105AB000227183F3118810BD0268436811430160AD
:105AC00003B11847704700001430FFF721BD0000F4
:105AD0004FF0FF331430FFF71BBD00003830FFF7E5
:105AE00097BD00004FF0FF333830FFF791BD000045
:105AF0001430FFF7E7BC00004FF0FF311430FFF720
:105B0000E1BC00003830FFF741BD00004FF0FF322C
:105B10003830FFF73BBD0000012914BF6FF01300C0
:105B200000207047FFF7D2BA044B036000234360A4
:105B3000C0E9023301230374704700BFC099000815
:105B400010B53023044683F31188FFF72FFB02239F
:105B50000020237480F3118810BD000038B5C3699C
:105B600004460D461BB904210844FFF7A5FF29464A
:105B700004F11400FFF78AFC002806DA201D4FF418
:105B80000061BDE83840FFF797BF38BD0268436841
:105B90001143016003B118477047000013B5406B13
:105BA00000F58054D4F8A4381A681178042914D167
:105BB000017C022911D11979012312898B401342EA
:105BC0000BD101A94C3002F065FFD4F8A44802467D
:105BD000019B2179206800F0DFF902B010BD0000C0
:105BE000143002F0E7BE00004FF0FF33143002F033
:105BF000E1BE00004C3002F0B9BF00004FF0FF33AF
:105C00004C3002F0B3BF0000143002F0B5BE00000B
:105C10004FF0FF31143002F0AFBE00004C3002F004
:105C200085BF00004FF0FF324C3002F07FBF000014
:105C30000020704710B500F58054D4F8A4381A68D5
:105C40001178042917D1017C022914D15979012333
:105C500052898B4013420ED1143002F047FE0246A7
:105C600048B1D4F8A4484FF4407361792068BDE886
:105C7000104000F07FB910BD406BFFF7DBBF0000A4
:105C8000704700007FB5124B0125042604460360CF
:105C90000023057400F1840243602946C0E9023301
:105CA0000C4B0290143001934FF44073009602F0B5
:105CB000F9FD094B04F69442294604F14C00029484
:105CC000CDE900634FF4407302F0C0FE04B070BD34
:105CD000E8990008795C00089D5B00080A68302399
:105CE00083F311880B790B3342F823004B7913337C
:105CF00042F823008B7913B10B3342F8230000F5EF
:105D00008053C3F8A41802230374002080F3118881
:105D10007047000038B5037F044613B190F8543043
:105D2000ABB90125201D0221FFF730FF04F114005B
:105D30006FF00101257700F0DDFC04F14C0084F8E0
:105D400054506FF00101BDE8384000F0D3BC38BDBD
:105D500010B5012104460430FFF718FF0023237714
:105D600084F8543010BD000038B5044600251430C6
:105D700002F0B0FD04F14C00257702F07FFE201DFB
:105D800084F854500121FFF701FF2046BDE8384058
:105D9000FFF750BF90F8803003F06003202B06D14E
:105DA00090F881200023212A03D81F2A06D800203A
:105DB0007047222AFBD1C0E91D3303E0034A426742
:105DC00007228267C3670120704700BF442200207A
:105DD00037B500F58055D5F8A4381A68117804292C
:105DE0001AD1017C022917D11979012312898B401C
:105DF000134211D100F14C04204602F0FFFE58B1CD
:105E000001A9204602F046FED5F8A4480246019BAF
:105E10002179206800F0C0F803B030BD01F10B0318
:105E2000F0B550F8236085B004460D46FEB130232E
:105E300083F3118804EB8507301D0821FFF7A6FEC8
:105E4000FB6806F14C005B691B681BB1019002F016
:105E50002FFE019803A902F01DFE024648B1039BE4
:105E60002946204600F098F8002383F3118805B0F6
:105E7000F0BDFB685A691268002AF5D01B8A013B05
:105E80001340F1D104F18002EAE70000133138B584
:105E900050F82140ECB1302383F3118804F580538E
:105EA000D3F8A4281368527903EB8203DB689B695B
:105EB0005D6845B104216018FFF768FE294604F1CA
:105EC000140002F01DFD2046FFF7B4FE002383F30B
:105ED000118838BD7047000001F03CBD012340220D
:105EE000002110B5044600F8303BFBF737FF0023D4
:105EF000C4E9013310BD000010B53023044683F31C
:105F000011882422416000210C30FBF727FF204636
:105F100001F042FD02230020237080F3118810BDA0
:105F200070B500EB8103054650690E461446DA60F1
:105F300018B110220021FBF711FFA06918B110223F
:105F40000021FBF70BFF31462846BDE8704001F009
:105F500029BE000083682022002103F0011310B540
:105F6000044683601030FBF7F9FE2046BDE8104080
:105F700001F0A4BEF0B4012500EB810447898D40F7
:105F8000E4683D43A469458123600023A260636007
:105F9000F0BC01F0C1BE0000F0B4012500EB8104AB
:105FA00007898D40E4683D436469058123600023CF
:105FB000A2606360F0BC01F037BF000070B502233F
:105FC00000250446242203702946C0F888500C306E
:105FD00040F8045CFBF7C2FE204684F8705001F0E4
:105FE00075FD63681B6823B129462046BDE87040F3
:105FF000184770BD0378052B10B504460AD080F809
:106000008C300523037043681B680BB1042198474B
:106010000023A36010BD00000178052906D190F887
:106020008C20436802701B6803B11847704700005A
:1060300070B590F87030044613B1002380F87030CA
:1060400004F18002204601F05DFE63689B68B3B9ED
:1060500094F8803013F0600535D00021204602F01E
:106060004FF90021204602F03FF963681B6813B125
:10607000062120469847062384F8703070BD2046DC
:1060800098470028E4D0B4F88630A26F9A4288BFBF
:10609000A36794F98030A56F002B4FF0300380F296
:1060A0000381002D00F0F280092284F8702083F330
:1060B000118800212046D4E91D23FFF76DFF00233E
:1060C00083F31188DAE794F8812003F07F0343EA31
:1060D000022340F20232934200F0C58021D8B3F58A
:1060E000807F48D00DD8012B3FD0022B00F0938049
:1060F000002BB2D104F1880262670222A267E36733
:10610000C1E7B3F5817F00F09B80B3F5407FA4D158
:1061100094F88230012BA0D1B4F8883043F0020308
:1061200032E0B3F5006F4DD017D8B3F5A06F31D082
:10613000A3F5C063012B90D86368204694F88220B1
:106140005E6894F88310B4F88430B047002884D097
:10615000436863670368A3671AE0B3F5106F36D02E
:1061600040F6024293427FF478AF5C4B63670223B0
:10617000A3670023C3E794F88230012B7FF46DAF4F
:10618000B4F8883023F00203A4F88830C4E91D5520
:10619000E56778E7B4F88030B3F5A06F0ED194F8D6
:1061A0008230204684F88A3001F0EEFC63681B6878
:1061B00013B1012120469847032323700023C4E92B
:1061C0001D339CE704F18B0363670123C3E7237846
:1061D000042B10D1302383F311882046FFF7BAFE39
:1061E00085F311880321636884F88B5021701B6844
:1061F0000BB12046984794F88230002BDED084F80B
:106200008B300423237063681B68002BD6D00221D7
:1062100020469847D2E794F8843020461D0603F0C4
:106220000F010AD501F060FD012804D002287FF497
:1062300014AF2B4B9AE72B4B98E701F047FDF3E7A0
:1062400094F88230002B7FF408AF94F8843013F078
:106250000F01B3D01A06204602D502F069F8ADE767
:1062600002F05AF8AAE794F88230002B7FF4F5AEDA
:1062700094F8843013F00F01A0D01B06204602D5FD
:1062800002F03EF89AE702F02FF897E7142284F81C
:10629000702083F311882B462A4629462046FFF7B3
:1062A00069FE85F31188E9E65DB1152284F8702056
:1062B00083F3118800212046D4E91D23FFF75AFEFD
:1062C000FDE60B2284F8702083F311882B462A46C2
:1062D00029462046FFF760FEE3E700BF189A000852
:1062E000109A0008149A000838B590F870300446E7
:1062F000002B3ED0063BDAB20F2A34D80F2B32D80F
:10630000DFE803F0373131082232313131313131B8
:1063100031313737856FB0F886309D4214D2C3686B
:106320001B8AB5FBF3F203FB12556DB9302383F3DF
:1063300011882B462A462946FFF72EFE85F3118841
:106340000A2384F870300EE0142384F87030302370
:1063500083F31188002320461A461946FFF70AFEE8
:10636000002383F3118838BDC36F03B1984700231E
:10637000E7E70021204601F0C3FF0021204601F09D
:10638000B3FF63681B6813B10621204698470623B4
:10639000D7E7000010B590F870300446142B29D0D0
:1063A00017D8062B05D001D81BB110BD093B022B15
:1063B000FBD80021204601F0A3FF0021204601F078
:1063C00093FF63681B6813B1062120469847062394
:1063D00019E0152BE9D10B2380F87030302383F3BB
:1063E000118800231A461946FFF7D6FD002383F3D0
:1063F0001188DAE7C3689B695B68002BD5D1C36F4E
:1064000003B19847002384F87030CEE700238268F8
:1064100080F8243083691B6899689142FBD25A68DE
:10642000036042601060586070470000002382687B
:1064300080F8243083691B6899689142FBD85A68B8
:1064400003604260106058607047000008B508465D
:10645000302383F3118891F82430032B05D0042BCB
:106460000DD02BB983F3118808BD8B6A00221A6006
:106470004FF0FF338362FFF7C9FF0023F2E7D1E952
:10648000003213605A60F3E7034610B51B68984268
:1064900003D09C688A689442F8D25A680B604A60BC
:1064A0001160596010BD0000FFF7B0BF064BD968FE
:1064B00081F824001868026853601A600122D860CD
:1064C00080F82420F9F79EBFC84600200C4B30B559
:1064D000DD684B1C87B004460FD02B46094A68463E
:1064E00000F09CF92046FFF7E1FF009B13B16846DE
:1064F00000F09EF9A86A07B030BDFFF7D7FFF9E7B3
:10650000C84600204D640008044B1A68DB68906898
:106510009B68984294BF002001207047C846002025
:10652000094B10B51C68D868226853601A600122B4
:10653000DC6084F82420FFF779FF01462046BDE89F
:106540001040F9F75FBF00BFC8460020044B1A682F
:10655000DB6892689B689A4201D9FFF7E1BF7047F8
:10656000C846002038B50123084C0025237065601B
:1065700002F0D8FB02F0FEFB0549064802F0D4FC0D
:106580000223237085F3118838BD00BF70490020B5
:10659000209A0008C846002000F080B9034A5168DC
:1065A00053685B1A9842FBD8704700BF001000E0A8
:1065B0008B604B630023CA6100F128020B63022346
:1065C0000A618B840123886181F8263001F1100370
:1065D000C26A4A611360C36201F12C030846CB62B0
:1065E00070470000D0E90131026841F8183CA1F180
:1065F0009C033839CB60036941F8243C436941F876
:10660000203C034B41F8043CC3680248FFF7D0BF6D
:106610001D040008C846002008B5FFF7E3FFBDE8E9
:106620000840FFF741BF000038B50E4BDC6804F1AD
:106630002C05A062E06AA8420FD194F826303BB93D
:1066400094F825309B0702BFD4E9043213605A60E6
:106650000F20BDE83840FFF729BF0368E362FFF76A
:1066600023FFE7E7C8460020302383F31188FFF7B4
:10667000DBBF000008B50146302383F311880820F2
:10668000FFF724FF002383F3118808BD054BDB6867
:1066900021B1036098620320FFF718BF4FF0FF306D
:1066A000704700BFC846002003682BB1002202607B
:1066B00018469962FFF7F8BE70470000064BDB688A
:1066C00039B1426818605A60136043600420FFF7D4
:1066D000FDBE4FF0FF307047C84600200368984267
:1066E00006D01A680260506018469962FFF7DCBE57
:1066F0007047000038B504460D462068844200D13A
:1067000038BD036823605C608562FFF7CDFEF4E767
:10671000036810B59C68A2420CD85C688A600B6064
:106720004C602160596099688A1A9A604FF0FF3373
:10673000836010BD121B1B68ECE700000A2938BFFC
:106740000A2170B504460D460A26601902F0E6FAE1
:1067500002F0D2FA041BA54203D8751C04462E464B
:10676000F3E70A2E04D90120BDE8704002F0A4BC72
:1067700070BD0000F8B5144B0D460A2A4FF00A0709
:10678000D96103F11001826038BF0A2241601969A2
:106790001446016048601861A81802F0B1FA02F0CE
:1067A000ABFA431B0646A34206D37C1C2819274696
:1067B000354602F0B3FAF2E70A2F04D90120BDE80A
:1067C000F84002F079BCF8BDC8460020F8B506468E
:1067D0000D4602F091FA0F4A134653F8107F9F427C
:1067E00006D12A4601463046BDE8F840FFF7C2BF51
:1067F000D169BB68441A2C1928BF2C46A34202D980
:106800002946FFF79BFF224631460348BDE8F84082
:10681000FFF77EBFC8460020D8460020C0E903230A
:10682000002310B45DF8044B4361FFF7CFBF0000B5
:1068300010B5194C236998420DD08168D0E9003217
:1068400013605A609A680A449A60002303604FF00C
:10685000FF33A36110BD0268234643F8102F536035
:106860000022026022699A4203D1BDE8104002F082
:106870004FBA936881680B44936002F03DFA226935
:10688000E1699268441AA242E4D91144BDE810407B
:10689000091AFFF753BF00BFC84600202DE9F04793
:1068A000DFF8BC8008F110072C4ED8F8105002F029
:1068B00023FAD8F81C40AA68031B9A423ED8144415
:1068C0004FF00009D5E90032C8F81C4013605A6047
:1068D000C5F80090D8F81030B34201D102F018FA90
:1068E00089F31188D5E9033128469847302383F38B
:1068F00011886B69002BD8D002F0FEF96A69A0EB11
:10690000040982464A450DD2022002F0D5FB00223E
:10691000D8F81030B34208D151462846BDE8F047B8
:10692000FFF728BF121A2244F2E712EB09092946A1
:10693000384638BF4A46FFF7EBFEB5E7D8F81030C7
:10694000B34208D01444C8F81C00211AA960BDE85D
:10695000F047FFF7F3BEBDE8F08700BFD846002040
:10696000C846002038B502F0C7F9054AD2E9084503
:10697000031B181945F10001C2E9080138BD00BF29
:10698000C846002010B560B9074804790368053C83
:106990009B6818BF0124984708B144F004042046BE
:1069A00010BD0124FBE700BF28370020FFF7EABF36
:1069B0002DE9F047884617469A460446B0B90D4E71
:1069C0003579052D05D003240DE0013D15F0FF05B7
:1069D0000ED03268534639463046D2F814904246BB
:1069E000C8470028F1D12046BDE8F0870424FAE723
:1069F0000124F8E7283700202DE9F047884617469C
:106A00009A460446B0B90D4E3579052D05D00324BC
:106A10000DE0013D15F0FF050ED0326853463946B2
:106A20003046D2F818904246C8470028F1D1204697
:106A3000BDE8F0870424FAE70124F8E728370020AE
:106A400037B50C46154670B951B101290BD107482D
:106A5000694603681B6A984710B9019B04462B607E
:106A6000204603B030BD0424FAE700BF28370020D9
:106A700000207047FEE70000704700004FF0FF3035
:106A8000704700004B6843608B688360CB68C360CD
:106A90000B6943614B6903628B6943620B68036056
:106AA0007047000008B53C4B40F2FF713B48D3F8FB
:106AB00088200A43C3F88820D3F8882022F4FF6294
:106AC00022F00702C3F88820D3F88820D3F8E0200A
:106AD0000A43C3F8E020D3F808210A43C3F8082189
:106AE0002F4AD3F808311146FFF7CCFF00F580603C
:106AF00002F11C01FFF7C6FF00F5806002F13801CA
:106B0000FFF7C0FF00F5806002F15401FFF7BAFF04
:106B100000F5806002F17001FFF7B4FF00F58060BE
:106B200002F18C01FFF7AEFF00F5806002F1A801D1
:106B3000FFF7A8FF00F5806002F1C401FFF7A2FF94
:106B400000F5806002F1E001FFF79CFF00F5806036
:106B500002F1FC01FFF796FF02F58C7100F58060F1
:106B6000FFF790FF01F07CFC0E4BD3F8902242F02F
:106B70000102C3F89022D3F8942242F00102C3F834
:106B800094220522C3F898204FF06052C3F89C204D
:106B9000054AC3F8A02008BD00440258000002586E
:106BA000349A000800ED00E01F00080308B501F06A
:106BB00065FEFFF7D7FC104BD3F8DC2042F0400213
:106BC000C3F8DC20D3F8042122F04002C3F80421EA
:106BD000D3F80431094B1A6842F008021A601A68A7
:106BE00042F004021A6000F069FD00F031FBBDE8DC
:106BF000084000F0B5B800BF004402580018024831
:106C000001207047002070477047000002290CD017
:106C1000032904D00129074818BF00207047032A20
:106C200005D8054800EBC2007047044870470020B3
:106C3000704700BF349C000854220020E89B0008E5
:106C400070B59AB005460846144601A900F0C2F88E
:106C500001A8FBF77BF8431C0022C6B25B0010467C
:106C6000C5E9003423700323023404F8013C01AB6E
:106C7000D1B202348E4201D81AB070BD13F8011B94
:106C8000013204F8010C04F8021CF1E708B53023C6
:106C900083F311880348FFF79BF8002383F31188DF
:106CA00008BD00BF7849002090F8803003F01F0233
:106CB000012A07D190F881200B2A03D10023C0E9D3
:106CC0001D3315E003F06003202B08D1B0F88430A9
:106CD0002BB990F88120212A03D81F2A04D8FFF766
:106CE00059B8222AEBD0FAE7034A426707228267A3
:106CF000C3670120704700BF4B22002007B505295C
:106D000017D8DFE801F0191603191920302383F38F
:106D10001188104A01210190FFF702F90198022120
:106D20000D4AFFF7FDF80D48FFF71EF8002383F327
:106D3000118803B05DF804FB302383F31188074802
:106D4000FEF7E8FFF2E7302383F311880348FEF7EC
:106D5000FFFFEBE7889B0008AC9B00087849002008
:106D600038B50C4D0C4C2A460C4904F10800FFF7CD
:106D700067FF05F1CA0204F110000949FFF760FF3F
:106D800005F5CA7204F118000649BDE83840FFF75E
:106D900057BF00BF5062002054220020689B0008AB
:106DA000729B00087D9B000870B5044608460D469E
:106DB000FAF7CCFFC6B22046013403780BB9184667
:106DC00070BD32462946FAF7ADFF0028F3D1012005
:106DD000F6E700002DE9F84F05460C46FAF7B6FF36
:106DE0002A49C6B22846FFF7DFFF08B1013EF6B2D6
:106DF00027492846FFF7D8FF08B11036F6B2632EB0
:106E00000DD8DFF88890DFF888A0224FDFF88CB02B
:106E1000DFF88C802E7846B92670BDE8F88F2946B9
:106E20002046BDE8F84F02F057BA252E2AD1072296
:106E300049462846FAF776FF50B9D8F800300735AA
:106E4000063444F8063CB8F8043024F8023CE1E784
:106E5000082251462846FAF765FF98B9A21C0E4B46
:106E6000197802320909C95D02F8041C13F8011BE4
:106E700001F00F015B45C95D02F8031CF0D1183425
:106E80000835C7E7013504F8016BC3E7549C0008D7
:106E90007D9B0008639C000800E8F11F0CE8F11FCF
:106EA0005C9C0008BFF34F8F044B1A695107FCD15B
:106EB000D3F810215207F8D1704700BF00200052CC
:106EC00008B50D4B1B78ABB9FFF7ECFF0B4BDA683D
:106ED000D10704D50A4A5A6002F188325A60D3F8C1
:106EE0000C21D20706D5064AC3F8042102F18832E4
:106EF000C3F8042108BD00BFAE640020002000528A
:106F00002301674508B5114B1B78F3B9104B1A697B
:106F1000510703D5DA6842F04002DA60D3F8102155
:106F2000520705D5D3F80C2142F04002C3F80C21DA
:106F3000FFF7B8FF064BDA6842F00102DA60D3F8D7
:106F40000C2142F00102C3F80C2108BDAE64002000
:106F5000002000520F289ABF00F5806040040020F6
:106F6000704700004FF40030704700001020704759
:106F70000F2808B50BD8FFF7EDFF00F500330268C6
:106F8000013204D104308342F9D1012008BD002030
:106F9000FCE700000F2838B505463FD8FFF782FF11
:106FA0001F4CFFF78DFF4FF0FF3307286361C4F8D4
:106FB00014311DD82361FFF775FF030243F024034A
:106FC000E360E36843F08003E36023695A07FCD47D
:106FD0002846FFF767FFFFF7BDFF4FF4003100F0D1
:106FE000A7FA2846FFF78EFFBDE83840FFF7C0BF7D
:106FF000C4F81031FFF756FFA0F108031B0243F05D
:107000002403C4F80C31D4F80C3143F08003C4F8E5
:107010000C31D4F810315B07FBD4D9E7002038BD20
:10702000002000522DE9F84F05460C46104645EA6F
:107030000203DE0602D00020BDE8F88F20F01F001A
:10704000DFF8BCB0DFF8BCA0FFF73AFF04EB0008A4
:10705000444503D10120FFF755FFEDE720222946E3
:10706000204602F0BDF810B920352034F0E72B4659
:1070700005F120021F68791CDDD104339A42F9D151
:1070800005F178431B481C4EB3F5801F1B4B38BFDE
:10709000184603F1F80332BFD946D1461E46FFF722
:1070A00001FF0760A5EB040C336804F11C0143F0F9
:1070B00002033360231FD9F8007017F00507FAD1D7
:1070C00053F8042F8B424CF80320F4D1BFF34F8FB9
:1070D000FFF7E8FE4FF0FF332022214603602846E9
:1070E000336823F00203336002F07AF80028BBD043
:1070F0003846B0E7142100520C20005214200052F0
:10710000102000521021005210B5084C237828B1ED
:107110001BB9FFF7D5FE0123237010BD002BFCD057
:107120002070BDE81040FFF7EDBE00BFAE64002048
:107130002DE9F04F0D4685B0814658B111F00D068E
:1071400014BF2022082211F00803019304D0431E2B
:10715000034269D0002435E0002E37D009F11F0129
:1071600021F01F094FF00108314F05F00403DFF84B
:10717000CCA005EA080BBBF1000F32D07869C0073C
:107180002FD408F101080C37B8F1060FF3D19EB9DE
:10719000284D4946A819019201F00EFE0446002828
:1071A00039D12036019AA02EF3D1494601F004FED0
:1071B000044600282FD1019A49461F4801F0FCFDE2
:1071C000044660BB204605B0BDE8F08F0029C9D158
:1071D00001462846029201F0EFFD0446D8B9029A12
:1071E000C0E713B178694107CBD5AC0702D5786900
:1071F0008007C6D5019911B178690107C1D5494603
:107200000AEB4810CDE9022301F0D6FD0446DDE982
:1072100002230028B5D04A460021204601E04A4614
:107220000021FAF79BFDCDE70246002E96D199E7A3
:10723000749C0008F0640020B0640020D06400203A
:107240000021FFF775BF00000121FFF771BF0000AB
:1072500070B5144D0124144E40F2FF32002101207C
:10726000FAF77CFD06EB441001342A6955F80C1F2F
:1072700001F08EFD062CF5D137254FF4C054204681
:10728000FFF7E2FF014628B122460848BDE87040FA
:1072900001F07EBDC4EBC404013D4FEAD404EED13D
:1072A00070BD00BF749C0008D0640020B064002052
:1072B0000421FFF73DBF00004843FFF7C1BF0000B6
:1072C00008B101F0EBBD7047B0F5805F10B5044622
:1072D00007D8FFF7EDFF28B92046BDE81040FFF7BB
:1072E000AFBF002010BD0000FFF7EABF70B5AAB124
:1072F00040EA010313F01F030FD1094C0144A568B4
:107300006D0706D52568A84203D366683544A942AF
:1073100004D903330C34122BF1D10022104670BD76
:10732000749C000808B501F0CFFE034AD2E9003290
:10733000C01842EB010108BD90650020434BD3E922
:1073400000232DE9F34113437CD0FFF7EBFF404AC4
:1073500000230027F9F770F806460D463D4A002342
:10736000F9F76AF80023144630462946394AF9F7F6
:1073700063F84FF461613C23ADF80170B4FBF1F5A3
:10738000B4FBF3F601FB154103FB16464624B1FBA3
:10739000F3F1314BF6B28DF8004098423CD84FF0F3
:1073A000640C4FF4C87EA30704F26C7225D1B2FBC3
:1073B000FCF30CFB132313BBB2FBFEF30EFB1322F7
:1073C000B2FA82F35B0903F26D18621C8045D2B2F7
:1073D00017D90FB18DF800400022204C4FF00C0C53
:1073E00017460CFB0343D4B2013213F804C08445A2
:1073F0000CD8A0EB0C000127F5E70023E3E70123FD
:10740000E1E7A0EB080014460127CCE70FB18DF8A7
:107410000140431C8DF802309DF80100431C9DF88B
:1074200000005038400640EA43509DF8023040EAE0
:10743000034040EA560040EAC52040EA411002B04D
:10744000BDE8F0814FF40410F9E700BF906500201B
:1074500040420F008051010090230B00BC9C0008AB
:107460000244074BD2B210B5904200D110BD441C6B
:1074700000B253F8200041F8040BE0B2F4E700BF7B
:10748000504000580E4B30B51C6F240405D41C6FBF
:107490001C671C6F44F400441C670A4C02442368B8
:1074A000D2B243F480732360074B904200D130BDC9
:1074B000441C51F8045B00B243F82050E0B2F4E7FA
:1074C00000440258004802585040005807B50122B5
:1074D00001A90020FFF7C4FF019803B05DF804FB89
:1074E00013B50446FFF7F2FFA04205D0012201A91F
:1074F00000200194FFF7C6FF02B010BD10B5642450
:10750000013C4FF47A70FFF7B5F814F0FF04F7D19F
:10751000064B082214249A61013C4FF47A70FFF75D
:10752000A9F814F0FF04F7D110BD00BF00180258ED
:107530000144BFF34F8F064B884204D3BFF34F8FF4
:10754000BFF36F8F7047C3F85C022030F4E700BFD1
:1075500000ED00E00144BFF34F8F064B884204D397
:10756000BFF34F8FBFF36F8F7047C3F870022030A7
:10757000F4E700BF00ED00E070B5054616460C4686
:1075800001201021FFF798FE286046733CB1204689
:1075900036B1FFF78DFE2B68186000B19C6070BD9E
:1075A000FFF752FEF7E70000F8B50F461546044610
:1075B00048B905F11F010126386821F01F01FFF7C6
:1075C000B7FF3046F8BD427B29463868FFF78EFE8C
:1075D00006460028EDD13B686360A368AB4210D239
:1075E00013B12068FFF76CFE637B28462BB1FFF7D1
:1075F0005FFE206020B9A060E3E7FFF725FEF8E713
:10760000A560206805F11F01012621F01F013860E7
:10761000FFF78EFF2673D4E710B5044640B100682B
:10762000884205D1606808B1FAF772FB0023237322
:1076300010BD0000F8B50F461446054648B904F1E0
:107640001F010126386821F01F01FFF783FF304634
:10765000F8BD427B21463868FFF748FE0646002801
:10766000EDD1AB68A34210D213B12868FFF728FE12
:107670006B7B20462BB1FFF71BFE286020B9A8606A
:10768000E5E7FFF7E1FDF8E7AC60396819B122469C
:107690002868FAF73DFB286804F11F01012621F054
:1076A0001F013860FFF756FF2E73D0E720B1036843
:1076B0008B4204BF0023037370470000034B1A681A
:1076C0001AB9034AD2F8D0241A607047986500208E
:1076D0000040025808B5FFF7F1FF024B1868C0F3ED
:1076E000806008BD98650020EFF309830549683381
:1076F0004A6B22F001024A6383F30988002383F373
:107700001188704700EF00E0302080F3118862B6E6
:107710000D4B0E4AD96821F4E0610904090C0A43B3
:107720000B49DA60D3F8FC2042F08072C3F8FC20E9
:10773000084AC2F8B01F116841F00101116020220F
:10774000DA7783F82200704700ED00E00003FA05C5
:1077500055CEACC5001000E0302310B583F311887E
:107760000E4B5B6813F4006314D0F1EE103AEFF3A4
:1077700009844FF08073683CE361094BDB6B23663F
:1077800084F30988FEF7C0FE10B1064BA36110BD5B
:10779000054BFBE783F31188F9E700BF00ED00E03C
:1077A00000EF00E02F0400083204000870B5BFF3BA
:1077B0004F8FBFF36F8F1A4A0021C2F85012BFF3E8
:1077C0004F8FBFF36F8F536943F400335361BFF39F
:1077D0004F8FBFF36F8FC2F88410BFF34F8FD2F873
:1077E000803043F6E074C3F3C900C3F34E335B014A
:1077F00003EA0406014646EA81750139C2F860527F
:10780000F9D2203B13F1200FF2D1BFF34F8F536910
:1078100043F480335361BFF34F8FBFF36F8F70BD5D
:1078200000ED00E0FEE70000214B2248224A70B53F
:10783000904237D3214BC11EDA1C121A22F00302E8
:107840008B4238BF00220021FAF788FA1C4A002335
:10785000C2F88430BFF34F8FD2F8803043F6E07423
:10786000C3F3C900C3F34E335B0103EA04060146C8
:1078700046EA81750139C2F86C52F9D2203B13F106
:10788000200FF2D1BFF34F8FBFF36F8FBFF34F8F36
:10789000BFF36F8F0023C2F85032BFF34F8FBFF397
:1078A0006F8F70BD53F8041B40F8041BC0E700BF86
:1078B000289E00089C6700209C6700209C67002091
:1078C00000ED00E0074BD3F8D81021EA0001C3F81F
:1078D000D810D3F8002122EA0002C3F80021D3F81F
:1078E000003170470044025870B5D0E924430022AB
:1078F0004FF0FF359E6804EB42135101D3F80009A5
:10790000002805DAD3F8000940F08040C3F80009E8
:10791000D3F8000B002805DAD3F8000B40F08040C4
:10792000C3F8000B013263189642C3F80859C3F834
:10793000085BE0D24FF00113C4F81C3870BD0000A2
:10794000890141F02001016103699B06FCD41220EA
:10795000FEF724BE10B50A4C2046FEF7BFFA094BCD
:10796000C4F89030084BC4F89430084C2046FEF719
:10797000B5FA074BC4F89030064BC4F8943010BDEC
:107980009C65002000000840F89C00083866002034
:1079900000000440049D000870B503780546012BE3
:1079A0005CD1434BD0F89040984258D1414B0E21C6
:1079B0006520D3F8D82042F00062C3F8D820D3F86D
:1079C000002142F00062C3F80021D3F80021D3F86F
:1079D000802042F00062C3F88020D3F8802022F09B
:1079E0000062C3F88020D3F88030FDF7BBFC324B37
:1079F000E360324BC4F800380023D5F89060C4F837
:107A0000003EC02323604FF40413A3633369002BAB
:107A1000FCDA01230C203361FEF7C0FD3369DB077C
:107A2000FCD41220FEF7BAFD3369002BFCDA0026E5
:107A30002846A660FFF758FF6B68C4F81068DB683B
:107A4000C4F81468C4F81C6883BB1D4BA3614FF0D5
:107A5000FF336361A36843F00103A36070BD194B5A
:107A60009842C9D1134B4FF08060D3F8D82042F030
:107A70000072C3F8D820D3F8002142F00072C3F896
:107A80000021D3F80021D3F8802042F00072C3F81F
:107A90008020D3F8802022F00072C3F88020D3F831
:107AA0008030FFF70FFF0E214D209EE7064BCDE7FC
:107AB0009C6500200044025840140040030020024E
:107AC000003C30C038660020083C30C0F8B5D0F823
:107AD0009040054600214FF000662046FFF730FF3A
:107AE000D5F8941000234FF001128F684FF0FF304B
:107AF000C4F83438C4F81C2804EB431201339F4205
:107B0000C2F80069C2F8006BC2F80809C2F8080B95
:107B1000F2D20B68D5F89020C5F898306362102334
:107B20001361166916F01006FBD11220FEF736FD20
:107B3000D4F8003823F4FE63C4F80038A36943F492
:107B4000402343F01003A3610923C4F81038C4F89C
:107B500014380B4BEB604FF0C043C4F8103B094B9B
:107B6000C4F8003BC4F81069C4F80039D5F898305F
:107B700003F1100243F48013C5F89820A362F8BD06
:107B8000D49C000840800010D0F8902090F88A1013
:107B9000D2F8003823F4FE6343EA0113C2F8003838
:107BA000704700002DE9F84300EB8103D0F89050B6
:107BB0000C468046DA680FFA81F94801166806F02B
:107BC0000306731E022B05EB41134FF0000194BF17
:107BD000B604384EC3F8101B4FF0010104F1100336
:107BE00098BF06F1805601FA03F3916998BF06F534
:107BF000004600293AD0578A04F158013743490119
:107C00006F50D5F81C180B430021C5F81C382B18F1
:107C10000127C3F81019A7405369611E9BB3138A4B
:107C2000928B9B08012A88BF5343D8F89820981854
:107C300042EA034301F140022146C8F89800284671
:107C400005EB82025360FFF77BFE08EB8900C368F7
:107C50001B8A43EA845348341E4364012E51D5F8ED
:107C60001C381F43C5F81C78BDE8F88305EB49179D
:107C7000D7F8001B21F40041C7F8001BD5F81C18E9
:107C800021EA0303C0E704F13F030B4A28462146DB
:107C900005EB83035A60FFF753FE05EB4910D0F85C
:107CA000003923F40043C0F80039D5F81C3823EA22
:107CB0000707D7E70080001000040002D0F89420E6
:107CC0001268C0F89820FFF70FBE00005831D0F8B6
:107CD000903049015B5813F4004004D013F4001FA6
:107CE0000CBF0220012070474831D0F89030490184
:107CF0005B5813F4004004D013F4001F0CBF0220A3
:107D00000120704700EB8101CB68196A0B68136092
:107D10004B6853607047000000EB810330B5DD68AD
:107D2000AA691368D36019B9402B84BF402313603C
:107D30006B8A1468D0F890201C4402EB4110013C7F
:107D400009B2B4FBF3F46343033323F0030343EAC0
:107D5000C44343F0C043C0F8103B2B6803F0030357
:107D6000012B0ED1D2F8083802EB411013F4807FBA
:107D7000D0F8003B14BF43F0805343F00053C0F8E9
:107D8000003B02EB4112D2F8003B43F00443C2F83F
:107D9000003B30BD2DE9F041D0F8906005460C461F
:107DA00006EB4113D3F8087B3A07C3F8087B08D5E4
:107DB000D6F814381B0704D500EB8103DB685B6839
:107DC0009847FA071FD5D6F81438DB071BD505EB03
:107DD0008403D968CCB98B69488A5A68B2FBF0F63B
:107DE00000FB16228AB91868DA6890420DD2121A7E
:107DF000C3E90024302383F3118821462846FFF786
:107E00008BFF84F31188BDE8F081012303FA04F2AB
:107E10006B8923EA02036B81CB68002BF3D02146E8
:107E20002846BDE8F041184700EB81034A0170B5D0
:107E3000DD68D0F890306C692668E66056BB1A445D
:107E40004FF40020C2F810092A6802F00302012A48
:107E50000AB20ED1D3F8080803EB421410F4807F65
:107E6000D4F8000914BF40F0805040F00050C4F82E
:107E7000000903EB4212D2F8000940F00440C2F8B6
:107E800000090122D3F8340802FA01F10143C3F8D2
:107E9000341870BD19B9402E84BF4020206020687E
:107EA0001A442E8A8419013CB4FBF6F440EAC4401B
:107EB00040F00050C6E700002DE9F843D0F890608C
:107EC00005460C464F0106EB4113D3F8088918F01C
:107ED000010FC3F808891CD0D6F81038DB0718D575
:107EE00000EB8103D3F80CC0DCF81430D3F800E0C9
:107EF000DA68964530D2A2EB0E024FF000091A6004
:107F0000C3F80490302383F31188FFF78DFF89F3C2
:107F1000118818F0800F1DD0D6F834380126A640FD
:107F2000334217D005EB84030134D5F89050D3F8D1
:107F30000CC0E4B22F44DCF8142005EB0434D2F872
:107F400000E05168714514D3D5F8343823EA0606A9
:107F5000C5F83468BDE8F883012303FA01F2038908
:107F600023EA02030381DCF80830002BD1D09847C4
:107F7000CFE7AEEB0103BCF81000834228BF0346F5
:107F8000D7F8180980B2B3EB800FE3D89068A0F15E
:107F9000040959F8048FC4F80080A0EB090898443C
:107FA000B8F1040FF5D818440B4490605360C8E74B
:107FB0002DE9F84FD0F8905004466E69AB691E4029
:107FC00016F480586E6103D0BDE8F84FFDF7F6BF98
:107FD000002E12DAD5F8003E9B0705D0D5F8003EFA
:107FE00023F00303C5F8003ED5F80438204623F0FB
:107FF0000103C5F80438FEF70FF8370505D520460C
:10800000FFF772FC2046FDF7F5FFB0040CD5D5F85C
:10801000083813F0060FEB6823F470530CBF43F4D9
:10802000105343F4A053EB6031071BD56368DB6842
:108030001BB9AB6923F00803AB612378052B0CD186
:10804000D5F8003E9A0705D0D5F8003E23F003038B
:10805000C5F8003E2046FDF7DFFF6368DB680BB123
:1080600020469847F30200F1BA80B70226D5D4F82B
:10807000909000274FF0010A09EB4712D2F8003B1D
:1080800003F44023B3F5802F11D1D2F8003B002B2D
:108090000DDA62890AFA07F322EA0303638104EB2B
:1080A0008703DB68DB6813B1394620469847013700
:1080B000D4F89430FFB29B689F42DDD9F00619D501
:1080C000D4F89000026AC2F30A1702F00F0302F418
:1080D000F012B2F5802F00F0CA80B2F5402F09D11E
:1080E00004EB8303002200F58050DB681B6A974293
:1080F00040F0B0803003D5F8185835D5E90303D5E2
:1081000000212046FFF746FEAA0303D501212046A1
:10811000FFF740FE6B0303D502212046FFF73AFE2E
:108120002F0303D503212046FFF734FEE80203D5D1
:1081300004212046FFF72EFEA90203D50521204683
:10814000FFF728FE6A0203D506212046FFF722FE2C
:108150002B0203D507212046FFF71CFEEF0103D5B4
:1081600008212046FFF716FE700340F1A780E907BB
:1081700003D500212046FFF79FFEAA0703D5012162
:108180002046FFF799FE6B0703D502212046FFF733
:1081900093FE2F0703D503212046FFF78DFEEE0641
:1081A00003D504212046FFF787FEA80603D5052145
:1081B0002046FFF781FE690603D506212046FFF71A
:1081C0007BFE2A0603D507212046FFF775FEEB0547
:1081D00074D520460821BDE8F84FFFF76DBED4F8EE
:1081E00090904FF0000B4FF0010AD4F894305FFAF2
:1081F0008BF79B689F423FF638AF09EB4713D3F8E4
:10820000002902F44022B2F5802F20D1D3F80029B2
:10821000002A1CDAD3F8002942F09042C3F8002962
:10822000D3F80029002AFBDB3946D4F89000FFF789
:1082300087FB22890AFA07F322EA0303238104EB6E
:108240008703DB689B6813B13946204698470BF1DA
:10825000010BCAE7910701D1D0F80080072A02F18B
:1082600001029CBF03F8018B4FEA18283FE704EB9B
:10827000830300F58050DA68D2F818C0DCF80820D3
:10828000DCE9001CA1EB0C0C00218F4208D1DB685B
:108290009B699A683A449A605A683A445A6029E756
:1082A00011F0030F01D1D0F800808C4501F10101DC
:1082B00084BF02F8018B4FEA1828E6E7BDE8F88F83
:1082C00008B50348FFF774FEBDE80840FFF744BA5D
:1082D0009C65002008B50348FFF76AFEBDE808402A
:1082E000FFF73ABA38660020D0F8903003EB41111E
:1082F000D1F8003B43F40013C1F8003B7047000085
:10830000D0F8903003EB4111D1F8003943F4001359
:10831000C1F8003970470000D0F8903003EB4111EC
:10832000D1F8003B23F40013C1F8003B7047000074
:10833000D0F8903003EB4111D1F8003923F4001349
:10834000C1F8003970470000064BD3F8DC20024327
:10835000C3F8DC20D3F804211043C3F80401D3F898
:10836000043170470044025808B53C4B4FF0FF31D0
:10837000D3F8802062F00042C3F88020D3F8802038
:1083800002F00042C3F88020D3F88020D3F8842084
:10839000C3F88410D3F884200022C3F88420D3F8D3
:1083A0008400D86F40F0FF4040F4FF0040F4DF400D
:1083B00040F07F00D867D86F20F0FF4020F4FF0026
:1083C00020F4DF4020F07F00D867D86FD3F8880012
:1083D0006FEA40506FEA5050C3F88800D3F8880025
:1083E000C0F30A00C3F88800D3F88800D3F89000DF
:1083F000C3F89010D3F89000C3F89020D3F8900001
:10840000D3F89400C3F89410D3F89400C3F89420E0
:10841000D3F89400D3F89800C3F89810D3F89800D4
:10842000C3F89820D3F89800D3F88C00C3F88C10C8
:10843000D3F88C00C3F88C20D3F88C00D3F89C00C0
:10844000C3F89C10D3F89C10C3F89C20D3F89C3040
:10845000FCF730FABDE8084000F0D8B900440258F3
:1084600008B5554BD3F8F42042F00202C3F8F420CB
:10847000D3F81C2142F00202C3F81C210222D3F8D7
:108480001C314E4BDA605A689104FCD54C4A4D4978
:108490001A6001229A60D960002119614FF44041AD
:1084A0009961494BDA6203F511339A699204FCD55C
:1084B0001A6842F480721A603F4B1A6F12F4407FC0
:1084C00004D04FF480321A6700221A671A6842F00B
:1084D00001021A60384B1A685007FCD500221A6155
:1084E0001A6912F03802FBD1012119604FF0804166
:1084F00059604FF00051D9605A67344ADA62344A01
:108500001A611A6842F480321A602B4B1A68910380
:10851000FCD51A6842F480521A601A689204FCD59D
:108520002C4A2D499A6200225A63196301F57A0197
:10853000DA6301F2D31199635A64284A1A64284A0B
:10854000DA621A6842F0A8521A601B4B1A6802F0ED
:108550002852B2F1285FF9D148229A614FF488621B
:10856000DA6140221A621F4ADA641F4A1A651F4AFA
:108570005A651F4A9A6534231E4A1360136803F034
:108580000F03042BFAD10C4A136943F00303136160
:10859000136903F03803182BFAD14FF00050FFF79E
:1085A000D3FE4FF08040FFF7CFFE4FF00040BDE814
:1085B0000840FFF7C9BE00BF0044025800480258F7
:1085C00000C000F002000001000400580000FF019C
:1085D000008890082220400077020B01470E050812
:1085E000DD0BBF0120000020000001100910E00099
:1085F00000010110002000524FF0B04208B5D2F83F
:10860000883003F00103C2F8883023B1044A1368AC
:108610000BB150689847BDE80840FFF79DB800BF10
:10862000146700204FF0B04208B5D2F8883003F04C
:108630000203C2F8883023B1044A93680BB1D068B2
:108640009847BDE80840FFF787B800BF14670020CF
:108650004FF0B04208B5D2F8883003F00403C2F8F6
:10866000883023B1044A13690BB150699847BDE8BB
:108670000840FFF771B800BF146700204FF0B04208
:1086800008B5D2F8883003F00803C2F8883023B167
:10869000044A93690BB1D0699847BDE80840FFF7D9
:1086A0005BB800BF146700204FF0B04208B5D2F8A5
:1086B000883003F01003C2F8883023B1044A136AEB
:1086C0000BB1506A9847BDE80840FFF745B800BFB6
:1086D000146700204FF0B04310B5D3F8884004F47D
:1086E0007872C3F88820A30604D5124A936A0BB1A6
:1086F000D06A9847600604D50E4A136B0BB1506BD5
:108700009847210604D50B4A936B0BB1D06B984761
:10871000E20504D5074A136C0BB1506C9847A305CA
:1087200004D5044A936C0BB1D06C9847BDE8104057
:10873000FFF712B8146700204FF0B04310B5D3F81C
:10874000884004F47C42C3F88820620504D5164AA8
:10875000136D0BB1506D9847230504D5124A936DE4
:108760000BB1D06D9847E00404D50F4A136E0BB1DE
:10877000506E9847A10404D50B4A936E0BB1D06E8E
:108780009847620404D5084A136F0BB1506F98479D
:10879000230404D5044A936F0BB1D06F9847BDE80A
:1087A0001040FEF7D9BF00BF1467002008B503488A
:1087B000FCF74EFCBDE80840FEF7CEBF283700208E
:1087C00008B50348FCF748FDBDE80840FEF7C4BF04
:1087D0008039002008B50348FCF73EFDBDE808409D
:1087E000FEF7BABFEC39002008B50348FCF734FDAA
:1087F000BDE80840FEF7B0BF583A002008B500F0C9
:10880000B5FCBDE80840FEF7A7BF0000062108B58B
:108810000846FCF7A7FD06210720FCF7A3FD06216B
:108820000820FCF79FFD06210920FCF79BFD06218F
:108830000A20FCF797FD06211720FCF793FD06217F
:108840002820FCF78FFD09217A20FCF78BFD0921F8
:108850007C20FCF787FD07211C20FCF783FD0C2101
:108860002620FCF77FFD0C212720FCF77BFD0C2147
:108870005220BDE80840FCF775BD000008B5FFF7C1
:1088800073FD00F03DFCFDF74DF9FDF7EBF8FDF74A
:1088900023FBFDF7F5F9FEF7B7F9BDE8084000F056
:1088A00029BA000030B50433039C0172002104FB97
:1088B0000325C160C0E90653049B0363059BC0E91F
:1088C0000000C0E90422C0E90842C0E90A1143637C
:1088D00030BD00000022416AC260C0E90411C0E955
:1088E0000A226FF00101FDF705BF0000D0E9043254
:1088F000934201D1C2680AB9181D70470020704721
:10890000036919600021C2680132C260C269134460
:1089100082699342036124BF436A0361FDF7DEBEAF
:1089200038B504460D46E3683BB162690020131D6B
:108930001268A3621344E36207E0237A33B929463D
:108940002046FDF7BBFE0028EDDA38BD6FF00100D0
:10895000FBE70000C368C269013BC360436913447D
:1089600082699342436124BF436A43610023836267
:10897000036B03B11847704770B53023044683F387
:108980001188866A3EB9FFF7CBFF054618B186F31A
:108990001188284670BDA36AE26A13F8015B93420E
:1089A000A36202D32046FFF7D5FF002383F311888B
:1089B000EFE700002DE9F84F04460E4617469846AB
:1089C0004FF0300989F311880025AA46D4F828B061
:1089D000BBF1000F09D141462046FFF7A1FF20B1AE
:1089E0008BF311882846BDE8F88FD4E90A12A7EB6B
:1089F000050B521A934528BF9346BBF1400F1BD974
:108A0000334601F1400251F8040B914243F8040B44
:108A1000F9D1A36A403640354033A362D4E90A2332
:108A20009A4202D32046FFF795FF8AF31188BD4290
:108A3000D8D289F31188C9E730465A46F9F768F960
:108A4000A36A5E445D445B44A362E7E710B5029C01
:108A50000433017203FB0421C460C0E90613002340
:108A6000C0E90A33039B0363049BC0E90000C0E92B
:108A70000422C0E90842436310BD0000026A6FF09F
:108A80000101C260426AC0E904220022C0E90A2250
:108A9000FDF730BED0E904239A4201D1C26822B961
:108AA000184650F8043B0B60704700231846FAE75D
:108AB000C3680021C2690133C360436913448269FA
:108AC0009342436124BF436A4361FDF707BE000040
:108AD00038B504460D46E3683BB1236900201A1DF2
:108AE000A262E2691344E36207E0237A33B92946BC
:108AF0002046FDF7E3FD0028EDDA38BD6FF00100F8
:108B0000FBE7000003691960C268013AC260C269EC
:108B1000134482699342036124BF436A03610023C3
:108B20008362036B03B118477047000070B53023B0
:108B30000D460446114683F31188866A2EB9FFF765
:108B4000C7FF10B186F3118870BDA36A1D70A36AB8
:108B5000E26A01339342A36204D3E16920460439F7
:108B6000FFF7D0FF002080F31188EDE72DE9F84FE3
:108B700004460D46904699464FF0300A8AF3118814
:108B80000026B346A76A4FB949462046FFF7A0FF23
:108B900020B187F311883046BDE8F88FD4E90A0781
:108BA0003A1AA8EB0607974228BF1746402F1BD951
:108BB00005F1400355F8042B9D4240F8042BF9D1F0
:108BC000A36A40364033A362D4E90A239A4204D30D
:108BD000E16920460439FFF795FF8BF3118846457C
:108BE000D9D28AF31188CDE729463A46F9F790F8A9
:108BF000A36A3D443E443B44A362E5E7D0E9042335
:108C00009A4217D1C3689BB1836A8BB1043B9B1A0C
:108C10000ED01360C368013BC360C3691A44836903
:108C20009A42026124BF436A0361002383620123E5
:108C3000184670470023FBE701F01F03F0B502F070
:108C40001F0456095A1C0123B6EB511F50F8265039
:108C500003FA02F34FEA511703F1FF333DBF50F817
:108C60002720C4F12000134003EA05003BBF03FAAC
:108C700000F225FA04F0E0401043F0BD70B57E220A
:108C80007F210546FFF7D8FF18B1012819D0002031
:108C900070BD3E2249212846FFF7CEFF2F22044611
:108CA00031212846FFF7C8FF06460134502202361C
:108CB00053212846B440FFF7BFFF093804FA00F0FB
:108CC000E6E7302245212846FFF7B6FF0130800253
:108CD000DEE7000090F8D63090F8D7201B0403EBB5
:108CE000026390F8D42090F8D500134403EB0020E1
:108CF0007047000000F012BA4FF08043586A704786
:108D00004FF08043002258631A610222DA607047F4
:108D10004FF080430022DA60704700004FF080433C
:108D200058637047024B034A1A60034A5A607047FF
:108D3000EC660020A067002000000220074B49429B
:108D400010B55C68201A08401968821A8A4203D359
:108D5000A24201D85A6010BD0020FCE7EC6600205A
:108D600008B5302383F31188FFF7E8FF002383F36E
:108D7000118808BD0448054B03600023C0E9013396
:108D80000C3000F017B900BFF4660020618D0008B8
:108D9000CB1D083A23F00703591A521A10B4D2080F
:108DA0000024C0E9004384600C301C605A605DF808
:108DB000044B00F0FFB800002DE9F74F364FCD1DF2
:108DC0008846002818BF0746082A4FEAD50538BF4D
:108DD000082207F10C003C1D9146019000F02CF98F
:108DE000019809F10701C9F1000E2246246864B90F
:108DF00000F02CF93B68CBB308224946E8009847BD
:108E0000044698B340E9027830E004EB010CD4F852
:108E100004A00CEA0E0C0AF10106ACF1080304EB05
:108E2000C6069E42E1D9A6EB0C0CB5EBEC0F4FEA5F
:108E3000EC0BDAD89C421DD204F10802AB45A3EB3F
:108E400002024FEAE202626009D9691CED4303EBBA
:108E5000C1025D445560256843F8315022601C46CC
:108E6000C3F8048044F8087B00F0F0F8204603B013
:108E7000BDE8F08FAA45216802D111602346EEE7D4
:108E8000013504EBC50344F8351003F10801761AE7
:108E9000F6105E601360F1E7F466002073B50446D7
:108EA000A0F1080550F8080C54F8043C061D0C30DD
:108EB00007330190DB0844F8043C00F0BDF833466A
:108EC00001989E421A6801D0AB4228D20AB195425D
:108ED00025D244F8082C54F8042C1D60013254F8B3
:108EE000081C05EBC206B14206D14E68324444F874
:108EF000042C0A6844F8082C5E68711C03EBC1015D
:108F00008D4207D154F8042C013232445A6054F88F
:108F1000082C1A6002B0BDE8704000F097B8134604
:108F2000CFE70000FEE7000070B51E4B00250446A9
:108F300086B058600E4605638163FEF7E5FB04F1D9
:108F40002803A5606563C4E90A3304F11003C4E98A
:108F500004334FF0FF33C4E90044C4E90635FFF79A
:108F6000CBFE2B46024604F13C012046C4E908230F
:108F700080230D4A6567FDF71BFB7368E0600B4AB1
:108F800003620123009280F824306846F26801925F
:108F90003269CDE90223064BCDE90435FDF73CFBF0
:108FA00006B070BD70490020189D0008109D000893
:108FB000258F00080023C0E900008360036170472B
:108FC00070B51C4B05468468DE685CB3B44213D1AF
:108FD00003690133036170BDA36094F8243083B149
:108FE000062B15D1A06A2146D4E9003213605A60DD
:108FF000FDF74AFAA36A9C68B368A2689A42EBD369
:1090000006E0D4E90032204613605A60FDF74CFABE
:1090100028463146FDF738FAB5620620BDE87040B3
:10902000FDF744BA0369866001330361336BC360A3
:109030003063D0E7C846002008B5302383F3118899
:10904000FFF7BEFF002383F3118808BD194BD968D1
:1090500083688B4210B520D1302383F311880269D5
:10906000013A0261B2B90468C368A0420B631ED022
:109070004A6B9BB901238A60036103681A68026026
:1090800050601A6B8360C26018631846FDF70CFAD3
:10909000FDF75CFA002383F3118810BD1C68A3421E
:1090A00003D0A468A24238BF2246DB68E1E78260B1
:1090B000F0E700BFC8460020024A536B18435063D4
:1090C000704700BFC846002038B5EFF311859DB941
:1090D000EFF30584C4F30804302334B183F311881B
:1090E000FDF740FC85F3118838BD83F31188FDF747
:1090F00039FC84F3118838BDBDE83840FDF732BC37
:109100000023054A19460133102BC2E9001102F170
:109110000802F8D1704700BF14670020114BD3F844
:10912000E82042F00102C3F8E820D3F8102142F011
:109130000102C3F810210C4AD3F81031D36B43F06D
:109140000103D3634FF08043EF229A624FF0FF3266
:10915000DA6200229A615A63DA605A6001225A6127
:109160001A607047004402580010005C4FF08042C3
:1091700008B51169D3680B40D9B29B076FEA0101AA
:10918000116107D5302383F31188FDF705FA002319
:1091900083F3118808BD0000FEF792B8012838BF9C
:1091A000012010B504462046FEF74AF830B900F019
:1091B00007F808B900F00CF88047F4E710BD00008C
:1091C000024B1868BFF35B8F704700BF94670020A5
:1091D00008B5062000F056F80120FDF74BFC000012
:1091E00010B501390244904201D1002005E0037816
:1091F00011F8014FA34201D0181B10BD0130F2E756
:10920000884210B501EB020402D98442234607D8F4
:10921000431EA14208D011F8012B03F8012FF8E7F3
:10922000024401468A4200D110BD13F8014D02F8F4
:10923000014DF7E71F2938B504460D4604D916231A
:1092400003604FF0FF3038BD426C12B152F821304C
:109250004BB9204600F030F82A4601462046BDE8CA
:10926000384000F017B8012B0AD0591C03D116233F
:1092700003600120E7E7002442F82540284698478C
:109280000020E0E7024B01461868FFF7D3BF00BF9C
:109290007422002038B5074D0023044608461146C5
:1092A0002B60FDF7EBFB431C02D12B6803B123605D
:1092B00038BD00BF98670020FDF7DABBC9B203468E
:1092C00010F8012B1AB18A42F9D1184670470029CB
:1092D00018BF0023F9E70000034611F8012B03F83B
:1092E000012B002AF9D1704710B50139034632B17C
:1092F00011F8014F03F8014B013A002CF7D11A4441
:109300000021934200D110BD03F8011BF9E70000D2
:109310004D4435002D2D0A002F6172647570696C03
:109320006F742E6162696E002F6172647570696C72
:109330006F742D7665726966792E6162696E002F91
:109340006172647570696C6F742D666C6173682EE0
:109350006162696E002F6172647570696C6F742D43
:10936000666C61736865642E6162696E000000005E
:109370000000000000000000050F0008A10F000819
:1093800051110008D90F0008990F000800000000D3
:1093900000000000010F0008AD0F0008891100084F
:1093A000FD0E0008090F000853544D333248373F73
:1093B0003F3F0053544D3332483733782F3732789C
:1093C0000053544D3332483734332F3735332F372A
:1093D0003530000001105A000310590001205800D8
:1093E000032056002F000000537563636573736696
:1093F000756C6C79206D6F756E7465642053444391
:109400006172642028736C6F77646F776E3D257589
:10941000290A0000EB769045584641542020200050
:109420004641543332202020000000002A3A3C3EBE
:109430007C223F7F002B2C3B3D5B5D00435545412B
:109440004141414345454549494941414592924F32
:109450004F4F5555594F554F9C4F9E9F41494F5522
:10946000A5A5A6A7A8A9AAABACADAEAFB0B1B2B343
:10947000B4414141B8B9BABBBCBDBEBFC0C1C2C393
:10948000C4C54141C8C9CACBCCCDCECFD1D1454549
:109490004549494949D9DADBDCDD49DF4FE14F4F26
:1094A0004F4FE6E8E85555555959EEEFF0F1F2F314
:1094B000F4F5F6F7F8F9FAFBFCFDFEFF01030507EA
:1094C000090E10121416181C1E00000061001A0369
:1094D000E0001703F8000703FF0001007801000116
:1094E000300132010601390110014A012E017901D2
:1094F000060180014D004302810182018201840145
:10950000840186018701870189018A018B018B0112
:109510008D018E018F0190019101910193019401C0
:10952000F60196019701980198013D029B019C016B
:109530009D0120029F01A001A001A201A201A4019E
:10954000A401A601A701A701A901AA01AB01AC01D1
:10955000AC01AE01AF01AF01B101B201B301B30182
:10956000B501B501B701B801B801BA01BB01BC0131
:10957000BC01BE01F701C001C101C201C301C401A8
:10958000C501C401C701C801C701CA01CB01CA0195
:10959000CD011001DD0101008E01DE011201F30198
:1095A0000300F101F401F401F80128012202120183
:1095B0003A020900652C3B023B023D02662C3F0249
:1095C00040024102410246020A0153024000810169
:1095D0008601550289018A0158028F015A029001C1
:1095E0005C025D025E025F0293016102620294010D
:1095F0006402650266026702970196016A02622CA4
:109600006C026D026E029C01700271029D01730278
:1096100074029F0176027702780279027A027B0255
:109620007C02642C7E027F02A60181028202A901D3
:109630008402850286028702AE014402B101B201B2
:1096400045028D028E028F0290029102B7017B03C8
:109650000300FD03FE03FF03AC030400860388033D
:1096600089038A03B1031103C2030200A303A30306
:10967000C4030803CC0303008C038E038F03D803B9
:109680001801F2030A00F903F303F403F503F603E8
:10969000F703F703F903FA03FA0330042003500435
:1096A0001007600422018A043601C1040E01CF04B0
:1096B0000100C004D004440161052604000000003C
:1096C0007D1D0100632C001E9601A01E5A01001F83
:1096D0000806101F0606201F0806301F0806401F38
:1096E0000606511F0700591F521F5B1F541F5D1FA5
:1096F000561F5F1F601F0806701F0E00BA1FBB1F9A
:10970000C81FC91FCA1FCB1FDA1FDB1FF81FF91F95
:10971000EA1FEB1FFA1FFB1F801F0806901F080699
:10972000A01F0806B01F0400B81FB91FB21FBC1F3E
:10973000CC1F0100C31FD01F0206E01F0206E51F59
:109740000100EC1FF31F0100FC1F4E21010032211C
:1097500070211002842101008321D0241A05302CAD
:109760002F04602C0201672C0601752C0201802C4D
:109770006401002D260841FF1A030000C700FC0009
:10978000E900E200E400E000E500E700EA00EB00A9
:10979000E800EF00EE00EC00C400C500C900E600E0
:1097A000C600F400F600F200FB00F900FF00D6004E
:1097B000DC00F800A300D800D7009201E100ED0022
:1097C000F300FA00F100D100AA00BA00BF00AE0019
:1097D000AC00BD00BC00A100AB00BB0091259225F0
:1097E000932502252425C100C200C000A9006325DD
:1097F000512557255D25A200A500102514253425E7
:109800002C251C2500253C25E300C3005A255425A2
:1098100069256625602550256C25A400F000D00040
:10982000CA00CB00C8003101CD00CE00CF00182502
:109830000C2588258425A600CC008025D300DF00D8
:10984000D400D200F500D500B500FE00DE00DA003D
:10985000DB00D900FD00DD00AF00B400AD00B100B9
:109860001720BE00B600A700F700B800B000A8009F
:10987000B700B900B300B200A025A000100002405C
:10988000080002400008024000000B0028000240CF
:10989000080002400408024006010C00400002409B
:1098A000080002400808024010020D005800024063
:1098B000080002400C08024016030E00700002402F
:1098C0000C0002401008024000040F008800024013
:1098D0000C0002401408024006051000A0000240DF
:1098E0000C0002401808024010061100B8000240A7
:1098F0000C0002401C08024016072F001004024012
:1099000008040240200802400008380028040240F1
:1099100008040240240802400609390040040240BD
:109920000804024028080240100A3A005804024085
:10993000080402402C080240160B3B007004024051
:109940000C04024030080240000C3C008804024035
:109950000C04024034080240060D4400A0040240FA
:109960000C04024038080240100E4500B8040240C2
:109970000C0402403C080240160F460001000000A3
:109980000000000000960000000000000000000041
:1099900000000000000000000000000000000000C7
:1099A000016C0008056C0008F9560008315A0008DF
:1099B0008D560008B5560008DD560008755600089B
:1099C00000000000E55A0008D15A00080D5B0008AD
:1099D000F95A0008055B0008F15A0008DD5A000832
:1099E000C95A0008195B000800000000FD5B000870
:1099F000E95B0008255C0008115C00081D5C00089C
:109A0000095C0008F55B0008E15B0008315C0008B8
:109A100000000000010000000000000063300000B2
:109A20001C9A0008000000000000000040470020D1
:109A3000704900208000802A00020000AAAAAAAA79
:109A400040000024FFFF00000070000000A00A009A
:109A5000000200A000000000AAAAAAAA000100506B
:109A6000FFFF000000000900000000995000000006
:109A700000000000AAAAAAAA50000000FFFF0000F0
:109A8000000000000000000080A98A010000000022
:109A9000AAAAAAAA40464502FFFF0000007070BBB8
:109AA000777000004085020038000000AAAAAAAA28
:109AB00000400100FFFF00000000007007000000F0
:109AC0000000000000000000AAAAAAAA00000000EE
:109AD000FFFF000000000000000000004050800078
:109AE00000000000AAAAAAAA00404000FFFF000050
:109AF0000000000000A00000000400400000000082
:109B0000AAAAAAAA00040040FFFF0000000000006B
:109B1000000000000001050000000000AAAAAAAA97
:109B200000010500FFFF0000000000000000000031
:109B30000000000000000000AAAAAAAA000000007D
:109B4000FFFF000000000000000000000000000017
:109B500000000000AAAAAAAA00000000FFFF00005F
:109B600000000000000000004172647550696C6FD5
:109B7000740025424F415244252D424C0025534547
:109B80005249414C25000000020000000000000086
:109B90001D5E00088D5E000840004000206200202D
:109BA00030620020020000000000000003000000FE
:109BB00000000000D55E000800000000100000005A
:109BC00040620020000000000100000000000000D2
:109BD0009C65002001010200FD6C00080D6C00086E
:109BE000A96C00088D6C000843000000F09B000881
:109BF00009024300020100C0320904000001020210
:109C000001000524001001052401000104240202C2
:109C10000524060001070582030800FF090401006E
:109C2000020A00000007050102400000070581024A
:109C300040000000120000003C9C000812011001CE
:109C40000200004009124157000201020301000016
:109C50000403090425424F41524425005749542D1D
:109C60004F310030313233343536373839414243A1
:109C700044454600000000200000020002000000F1
:109C80000000003000000400080000000000002474
:109C900000000800040000000004000000FC0000B8
:109CA00002000000000004300080000008000000F6
:109CB0000000003800000100010000001F1C1F1EF2
:109CC0001F1E1F1F1E1F1E1F1F1D1F1E1F1E1F1FAB
:109CD0001E1F1E1F0000000031600008E96200081E
:109CE0009563000840004000D4660020D466002040
:109CF00001000000E4660020800000004001000038
:109D00000800000000010000001000000800000032
:109D100069646C65000000006D61696E002C043898
:109D2000040438080C10141C202425260000000010
:109D3000000064040100040000000000000C00109A
:109D4000283034002467FF7F01000000000000007D
:109D5000D50700000000000000001E000000000009
:109D6000FF00000078490020583A00208039002088
:109D7000EC39002000000000A893000883040000D4
:109D8000B393000850040000C193000801000000D4
:109D9000000000000096000000000800960000008F
:109DA0000008000004000000509C000800000000B3
:109DB00000000000000000000000000000000000A3
:109DC00000000000782200200000000000000000D9
:109DD0000000000000000000000000000000000083
:109DE0000000000000000000000000000000000073
:109DF0000000000000000000000000000000000063
:109E00000000000000000000000000000000000052
:109E10000000000000000000000000000000000042
:089E200000000000000000003A
:00000001FF
